date,TWII,TWII_Open,TWII_High,TWII_Low,SOX,TSMC_TW,TSMC_Vol,TSM_US,ELEC,FIN,USDTWD,ADR_Premium
2019-01-02,9554.1396484375,9725.26953125,9737.6796875,9542.51953125,1165.300048828125,184.353759765625,32900482,31.076700210571289,25.34815788269043,12.727760314941406,30.500999450683594,2.831688082386008
2019-01-03,9492.419921875,9494.25,9554.5302734375,9474.4697265625,1096.030029296875,180.99424743652344,34087620,29.238651275634766,24.933023452758789,12.649914741516113,30.759000778198242,-0.62096336447060585
2019-01-04,9382.509765625,9427.240234375,9427.240234375,9319.2802734375,1143.9599609375,174.69511413574219,65943521,29.757728576660156,24.086143493652344,12.610992431640625,30.863000869750977,5.1446467162954201
2019-01-07,9590.2998046875,9460.2001953125,9596.349609375,9460.2001953125,1166.239990234375,178.89456176757812,35442176,29.978975296020508,24.692245483398438,12.727760314941406,30.783000946044922,3.1717024576548791
2019-01-08,9563.599609375,9591.5595703125,9600.9404296875,9547.6298828125,1160.550048828125,177.21473693847656,22694481,29.732189178466797,24.468070983886719,12.782252311706543,30.802999496459961,3.3594185353689188
2019-01-09,9738.3095703125,9584.6298828125,9741.6396484375,9584.6298828125,1189.8399658203125,180.99424743652344,46295446,30.302335739135742,25.082468032836914,12.992434501647949,30.815999984741211,3.1852438296219532
2019-01-10,9720.6904296875,9731.1103515625,9731.1103515625,9683.2001953125,1201.4000244140625,181.4141845703125,20754593,30.991596221923828,25.082468032836914,12.922374725341797,30.711000442504883,4.9292730378029948
2019-01-11,9759.400390625,9753.6298828125,9796.98046875,9736,1213.0400390625,185.19364929199219,28102288,31.153287887573242,25.24022102355957,12.914589881896973,30.778999328613281,3.5529059059558943
2019-01-14,9708.2197265625,9737.669921875,9762.3701171875,9677.490234375,1194.280029296875,183.51387023925781,17612296,30.429983139038086,25.099075317382812,12.821175575256348,30.785999298095703,2.0977257291894702
2019-01-15,9806.0400390625,9701.9296875,9806.0400390625,9701.9296875,1197.030029296875,185.61360168457031,38882923,30.668252944946289,25.364761352539062,12.937943458557129,30.833999633789062,1.8917677897774654
2019-01-16,9763.8095703125,9781.349609375,9803.990234375,9763.8095703125,1187.18994140625,182.67398071289062,28978282,30.327854156494141,25.406278610229492,12.844528198242188,30.827999114990234,2.3623679132951159
2019-01-17,9789.150390625,9773.3095703125,9826.25,9759.509765625,1200.760009765625,185.19364929199219,21163986,30.880985260009766,25.572330474853516,12.844528198242188,30.764999389648438,2.601087705551608
2019-01-18,9836.0595703125,9781.3896484375,9842.7998046875,9771.150390625,1228.3299560546875,183.51387023925781,49627569,31.349008560180664,25.61384391784668,12.805605888366699,30.826999664306641,5.3212898949913878
2019-01-21,9889.400390625,9870.26953125,9919.9404296875,9870.26953125,1228.3299560546875,185.61360168457031,29384866,31.349008560180664,25.838014602661133,12.891234397888184,30.853000640869141,4.2176836632407788
2019-01-22,9894.66015625,9880.5400390625,9894.66015625,9855.4697265625,1193.3599853515625,187.2933349609375,28926483,30.949054718017578,25.696870803833008,12.922374725341797,30.875999450683594,2.0413242865248371
2019-01-23,9846.400390625,9869.5400390625,9873.3896484375,9828.0302734375,1185.949951171875,185.19364929199219,16671213,31.051177978515625,25.846321105957031,12.945727348327637,30.87700080871582,3.5421302209484695
2019-01-24,9877.1201171875,9865,9892.8203125,9847.3203125,1253.9100341796875,186.87342834472656,26417924,32.029762268066406,25.846321105957031,12.906805038452148,30.857999801635742,5.7800893866165826
2019-01-25,9969.6103515625,9923.3896484375,9980.080078125,9918.2099609375,1281.1600341796875,189.81300354003906,46692764,32.455230712890625,26.153518676757812,12.930160522460938,30.874000549316406,5.5799963300838362
2019-01-28,10013.330078125,10006.4599609375,10020.599609375,9990.0703125,1254.4000244140625,192.33262634277344,26026257,31.859563827514648,26.236547470092773,13.000221252441406,30.708000183105469,1.7345325597941441
2019-01-29,9931.58984375,9944.7099609375,9952.33984375,9893.9599609375,1236.25,186.87342834472656,41122520,30.915018081665039,25.904439926147461,13.008002281188965,30.788000106811523,1.8669789954910865
2019-01-30,9932.259765625,9915.9697265625,9959.0302734375,9909.8095703125,1271.760009765625,185.61360168457031,44755945,31.808509826660156,25.796501159667969,13.039143562316895,30.781000137329102,5.4984911080523169
2019-02-11,10004.25,10029.83984375,10065.51953125,9988.830078125,1308.8800048828125,191.49276733398438,78307106,32.582874298095703,26.361085891723633,13.078064918518066,30.819999694824219,4.8816819459675198
2019-02-12,10097.740234375,10032.080078125,10100.23046875,10032.080078125,1336.719970703125,193.17251586914062,29406670,32.880710601806641,26.718103408813477,13.000221252441406,30.87700080871582,5.1140969278355097
2019-02-13,10090.580078125,10123.6103515625,10140.98046875,10074.33984375,1340.7099609375,192.33262634277344,28634925,32.446720123291016,26.61016845703125,13.078064918518066,30.791999816894531,3.8928671742483711
2019-02-14,10089.009765625,10095.990234375,10135.6201171875,10082,1344.1099853515625,190.65284729003906,23647751,32.387161254882812,26.61016845703125,13.116988182067871,30.851999282836914,4.819696113814409
2019-02-15,10064.7802734375,10111.1796875,10135.16015625,10055.5,1351.1800537109375,190.65284729003906,22369799,32.412685394287109,26.56035041809082,13.093635559082031,30.820999145507812,4.7968979263317113
2019-02-18,10145.2802734375,10096.9404296875,10165.76953125,10096.9404296875,1351.1800537109375,193.17251586914062,16978916,32.412685394287109,26.81773567199707,13.140341758728027,30.812000274658203,3.3997685206653028
2019-02-19,10152.259765625,10152.1103515625,10173.4697265625,10143.150390625,1348.489990234375,192.33262634277344,16577023,32.7275390625,26.734708786010742,13.155910491943359,30.818000793457031,4.8805232866220072
2019-02-20,10272.4599609375,10181.9404296875,10272.4599609375,10181.9404296875,1360.280029296875,196.95196533203125,30479710,33.187053680419922,26.92567253112793,13.179265022277832,30.778999328613281,3.727251589113445
2019-02-21,10319.5302734375,10282.3203125,10319.5302734375,10256.5302734375,1350.25,198.6317138671875,33764489,33.170040130615234,27.108333587646484,13.225972175598145,30.791999816894531,2.8407649255058454
2019-02-22,10322.919921875,10309.01953125,10322.919921875,10269.9501953125,1364.780029296875,198.6317138671875,22032163,33.518928527832031,27.249479293823242,13.225972175598145,30.798999786376953,3.9460872052435647
2019-02-25,10390.9296875,10343.4501953125,10390.9296875,10343.4501953125,1375.949951171875,199.89157104492188,24105138,33.68060302734375,27.432136535644531,13.257110595703125,30.746999740600586,3.6139230015139523
2019-02-26,10391.5498046875,10403.0302734375,10416.91015625,10368.8603515625,1366.5799560546875,201.1513671875,24522789,33.697620391845703,27.498558044433594,13.288248062133789,30.735000610351562,2.9768176862914775
2019-02-27,10389.169921875,10385.8095703125,10403.0498046875,10343.5595703125,1349.8699951171875,200.73143005371094,35240889,33.569984436035156,27.498558044433594,13.327171325683594,30.753000259399414,2.8615937019114357
2019-03-04,10349.8798828125,10385.25,10402.3896484375,10313.1796875,1363.25,197.79185485839844,39655513,33.314704895019531,27.174751281738281,13.280463218688965,30.836999893188477,3.8794597507362027
2019-03-05,10305.259765625,10323.25,10334.33984375,10295.4404296875,1356.9000244140625,195.69212341308594,22641407,33.204063415527344,27.332502365112305,13.280463218688965,30.83799934387207,4.6487582599809008
2019-03-06,10357.150390625,10328.1796875,10359.1201171875,10327.900390625,1333.8199462890625,196.531982421875,20433226,33.008354187011719,27.249479293823242,13.350523948669434,30.829999923706055,3.5605039471646283
2019-03-07,10311.6796875,10359.4697265625,10367.98046875,10299.4599609375,1319.0899658203125,196.531982421875,17126192,32.872203826904297,27.266080856323242,13.272678375244141,30.829000473022461,3.1300020322926114
2019-03-08,10241.75,10274.2802734375,10274.2802734375,10204.2099609375,1318.2099609375,193.17251586914062,22190659,32.50628662109375,27.266080856323242,13.202618598937988,30.906999588012695,4.0180879444106976
2019-03-11,10250.2802734375,10224.26953125,10269.2998046875,10214.01953125,1349.8800048828125,193.59245300292969,23200793,32.880710601806641,26.875856399536133,13.202618598937988,30.891000747680664,4.9336417850244674
2019-03-12,10343.330078125,10294.3701171875,10382.1201171875,10294.3701171875,1355.1199951171875,197.79185485839844,23588085,33.101951599121094,27.473649978637695,13.288248062133789,30.91200065612793,3.4671069022232048
2019-03-13,10373.3203125,10331.26953125,10373.3203125,10331.26953125,1360.77001953125,199.05166625976562,20500195,33.365756988525391,27.473649978637695,13.311602592468262,30.886999130249023,3.5478000711409274
2019-03-14,10348.650390625,10391.2998046875,10407.26953125,10339.6396484375,1353.06005859375,196.95196533203125,17175356,33.033878326416016,27.473649978637695,13.296031951904297,30.895999908447266,3.6409766237168739
2019-03-15,10439.240234375,10374.66015625,10439.240234375,10370,1392.3599853515625,200.73143005371094,33649729,33.740169525146484,27.481952667236328,13.311602592468262,30.913000106811523,3.9209319492824468
2019-03-18,10512.7001953125,10455.1904296875,10512.7001953125,10445.740234375,1388.77001953125,202.41119384765625,26856532,33.910354614257812,27.739334106445312,13.428371429443359,30.888999938964844,3.4979263447701303
2019-03-19,10512.3203125,10497.400390625,10525.599609375,10484.6904296875,1407.3499755859375,201.99124145507812,14479009,33.833778381347656,27.814062118530273,13.521785736083984,30.764999389648438,3.0634956004418123
2019-03-20,10551.5595703125,10529.2998046875,10556.8095703125,10506.9599609375,1393.010009765625,203.25106811523438,22975971,33.910354614257812,27.897085189819336,13.599630355834961,30.790000915527344,2.7399126903378868
2019-03-21,10609.5498046875,10563.9296875,10612.33984375,10551.669921875,1441.8299560546875,206.19064331054688,26179502,34.922996520996094,28.254100799560547,13.622984886169434,30.745000839233398,4.1470689559314877
2019-03-22,10639.0703125,10642.5703125,10667.9404296875,10589.4697265625,1400.3699951171875,208.71029663085938,22931467,34.403903961181641,28.428464889526367,13.56849193572998,30.792999267578125,1.5186511235933287
2019-03-25,10479.48046875,10535.1201171875,10535.1201171875,10458.7900390625,1382.75,202.83111572265625,19211254,33.969921112060547,27.913692474365234,13.412802696228027,30.868000030517578,3.3947402190065201
2019-03-26,10559.2001953125,10506.6796875,10559.2001953125,10506.6796875,1396.75,204.93084716796875,19920170,34.378379821777344,28.112957000732422,13.443941116333008,30.815999984741211,3.3913797462606698
2019-03-27,10542.7001953125,10542.6796875,10556.75,10515.8603515625,1376.47998046875,202.83111572265625,22590089,34.208198547363281,28.112957000732422,13.428371429443359,30.839000701904297,4.0221718698735254
2019-03-28,10536.259765625,10529.01953125,10536.259765625,10499.2900390625,1373.800048828125,203.25106811523438,13933054,34.327316284179688,28.071445465087891,13.428371429443359,30.881999969482422,4.3139591118333431
2019-03-29,10641.0400390625,10551.990234375,10641.0400390625,10525.26953125,1395.510009765625,206.19064331054688,28220810,34.854904174804688,28.171079635620117,13.467292785644531,30.85099983215332,4.3023704259053774
2019-04-01,10642.6298828125,10714.6796875,10735.0703125,10627.009765625,1430.239990234375,206.19064331054688,35330656,35.203792572021484,28.735658645629883,13.506214141845703,30.839000701904297,5.3054364065541204
2019-04-02,10690.2998046875,10695.4697265625,10728.3798828125,10685.099609375,1431.6300048828125,206.610595703125,24105053,35.118705749511719,28.910018920898438,13.545138359069824,30.816999435424805,4.7625976366306277
2019-04-03,10704.3798828125,10725.169921875,10741.5595703125,10690.23046875,1464.18994140625,207.03053283691406,24945323,35.561210632324219,28.934925079345703,13.552923202514648,30.829000473022461,5.9086854854192516
2019-04-08,10800.5703125,10759.9599609375,10807.0498046875,10759.9599609375,1481.3800048828125,212.48976135253906,45184821,36.071769714355469,29.225522994995117,13.545138359069824,30.788999557495117,4.5333850162080358
2019-04-09,10851.599609375,10805.3896484375,10851.599609375,10793.76953125,1464.52001953125,213.32960510253906,22355674,35.918617248535156,29.300247192382812,13.545138359069824,30.808000564575195,3.7437612036774759
2019-04-10,10868.1396484375,10839.9296875,10875.650390625,10815.6103515625,1477.1600341796875,213.32960510253906,25849934,36.054756164550781,29.399875640869141,13.545138359069824,30.816999435424805,4.1673892222581221
2019-04-11,10808.76953125,10869.240234375,10887.1201171875,10797.759765625,1476.0699462890625,211.64985656738281,24896840,35.824993133544922,29.44969367980957,13.545138359069824,30.83799934387207,4.3961127745677953
2019-04-12,10805.2998046875,10820.9404296875,10836.4404296875,10782.01953125,1497.1199951171875,211.64985656738281,13548148,36.23345947265625,29.325153350830078,13.506214141845703,30.851999282836914,5.6343419074507128
2019-04-15,10875.599609375,10849.83984375,10897.2099609375,10849.5498046875,1485.8199462890625,214.58943176269531,17192002,36.25897216796875,29.541025161743164,13.537353515625,30.829999923706055,4.1863152336720555
2019-04-16,10927.849609375,10905.6298828125,10927.849609375,10876.33984375,1533.219970703125,215.84928894042969,19652648,36.599365234375,29.707075119018555,13.545138359069824,30.854000091552734,4.6319701895173981
2019-04-17,10997.259765625,10961.6103515625,11016.919921875,10961.6103515625,1557.0799560546875,219.62870788574219,37864191,37.773677825927734,29.997673034667969,13.506214141845703,30.863000869750977,6.1618094299213055
2019-04-18,10962.01953125,11038.240234375,11077.990234375,10926.849609375,1558.1300048828125,222.14836120605469,38006795,38.633136749267578,30.180334091186523,13.412802696228027,30.761999130249023,6.9944889647351571
2019-04-19,10968.5,11017.6904296875,11045.080078125,10950.4296875,1558.1300048828125,222.14836120605469,44658699,38.633136749267578,29.972763061523438,13.490649223327637,30.819999694824219,7.1962229528323984
2019-04-22,10987.7099609375,10994.51953125,11027.490234375,10974.8203125,1558.2900390625,223.40821838378906,24967393,38.420402526855469,30.014276504516602,13.506214141845703,30.806999206542969,5.9600509526988255
2019-04-23,11025.6796875,10994.2802734375,11025.6796875,10949.2998046875,1574.050048828125,225.08793640136719,25336847,38.650154113769531,30.039182662963867,13.514001846313477,30.840000152587891,5.9115630826812815
2019-04-24,11027.6396484375,11054.01953125,11070.849609375,10995.830078125,1589.02001953125,225.92787170410156,26449755,38.641651153564453,30.055791854858398,13.560708045959473,30.854000091552734,5.5424901086413403
2019-04-25,11039.8603515625,11017.73046875,11046.76953125,11006.6796875,1560.3199462890625,224.66801452636719,32386724,37.850265502929688,30.07240104675293,13.576278686523438,30.923999786376953,4.1965501670946592
2019-04-26,10952.4697265625,10986.5302734375,10986.5302734375,10906.4404296875,1547.4000244140625,218.36894226074219,47518804,37.3907470703125,29.715387344360352,13.591846466064453,30.923000335693359,5.8973013503453409
2019-04-29,10939.0595703125,10952.91015625,10992.5498046875,10905.7802734375,1544.43994140625,217.94900512695312,31126618,37.297130584716797,29.731985092163086,13.731967926025391,30.902000427246094,5.7638179713295212
2019-04-30,10967.73046875,10945.9404296875,10978.099609375,10910.7802734375,1556.1800537109375,217.52903747558594,33799419,37.288639068603516,29.391578674316406,13.817599296569824,30.892000198364258,5.9095979894929762
2019-05-02,11004.490234375,10992.759765625,11046.6396484375,10988.7001953125,1560.6099853515625,217.52903747558594,27091394,37.782184600830078,29.72368049621582,13.957721710205078,30.906999588012695,7.3635021276765134
2019-05-03,11096.2998046875,11037.990234375,11097,11018.8603515625,1570.699951171875,222.56832885742188,29840246,38.045974731445312,30.0225830078125,13.981074333190918,30.889999389648438,5.6071312810897611
2019-05-06,10897.1201171875,11005.3603515625,11005.3603515625,10870.400390625,1543.72998046875,217.52903747558594,32823187,37.237579345703125,29.408178329467773,13.794244766235352,30.895000457763672,5.7748468234388062
2019-05-07,10987.1396484375,10913.9501953125,11004.759765625,10913.9501953125,1506.3199462890625,220.46864318847656,25686126,37.237579345703125,29.806709289550781,13.848737716674805,30.909999847412109,4.4151726293057747
2019-05-08,10923.7099609375,10938.4697265625,10946.8203125,10867.0595703125,1494.47998046875,218.36894226074219,25542364,37.186519622802734,29.491207122802734,13.778675079345703,30.937000274658203,5.3665741908073494
2019-05-09,10733.669921875,10910.4697265625,10910.4697265625,10732.9697265625,1476.800048828125,215.42929077148438,33587574,36.803596496582031,29.134191513061523,13.654126167297363,30.944999694824219,5.7318880154727081
2019-05-10,10712.990234375,10751.5498046875,10834.6904296875,10669.3896484375,1478.8699951171875,215.00941467285156,18617212,36.446201324462891,28.793783187866211,13.630770683288574,31.00200080871582,5.1028546498607774
2019-05-13,10558.2900390625,10684.0400390625,10693.4404296875,10549.0595703125,1408.949951171875,210.39006042480469,28284535,34.880447387695312,28.428464889526367,13.506214141845703,30.937000274658203,2.5805504532387058
2019-05-14,10519.25,10480.2099609375,10544.9697265625,10363.01953125,1442.8299560546875,208.71029663085938,45055708,35.714382171630859,28.262409210205078,13.389448165893555,31.104999542236328,6.4533814605845397
2019-05-15,10560.7099609375,10535.240234375,10612.5,10535.240234375,1454.5,209.13021850585938,36825479,35.714382171630859,28.353736877441406,13.428371429443359,31.138999938964844,6.3557578821562322
2019-05-16,10474.6103515625,10556.580078125,10573.9296875,10474.6103515625,1430.1099853515625,207.45046997070312,29713519,35.339958190917969,28.088052749633789,13.296031951904297,31.077999114990234,5.8850519390238665
2019-05-17,10384.1103515625,10508.5595703125,10564.9697265625,10384.1103515625,1402.010009765625,202.83111572265625,38647856,34.250736236572266,27.498558044433594,13.327171325683594,31.186000823974609,5.3234346899732499
2019-05-20,10398.41015625,10405.3603515625,10465.83984375,10385.1796875,1345.5799560546875,199.89157104492188,39157661,32.897731781005859,27.324201583862305,13.428371429443359,31.365999221801758,3.2429955948646949
2019-05-21,10464.5,10362.349609375,10477.2001953125,10342.3203125,1374.2099609375,196.531982421875,80042775,33.442344665527344,27.307596206665039,13.700831413269043,31.379999160766602,6.7938901960121534
2019-05-22,10457.2197265625,10481.099609375,10520.6201171875,10453.5,1345.0400390625,199.89157104492188,34622034,33.101951599121094,27.490253448486328,13.599630355834961,31.379999160766602,3.9302665910529555
2019-05-23,10308.3701171875,10404,10404,10289.6904296875,1322.8399658203125,193.17251586914062,58752627,32.395675659179688,26.767919540405273,13.529569625854492,31.452999114990234,5.4954586322148335
2019-05-24,10328.2802734375,10313.150390625,10370.9697265625,10308.58984375,1311.969970703125,195.69212341308594,36000789,32.50628662109375,26.784524917602539,13.591846466064453,31.513999938964844,4.6953854581783583
2019-05-27,10334.1298828125,10344.1796875,10365.4404296875,10305.2802734375,1311.969970703125,194.01240539550781,35562033,32.50628662109375,26.601865768432617,13.638554573059082,31.471000671386719,5.4577274057566294
2019-05-28,10312.3095703125,10348.580078125,10361.6103515625,10312.3095703125,1300.300048828125,193.59245300292969,95240033,32.038272857666016,26.684890747070312,13.638554573059082,31.452999114990234,4.1052739615562439
2019-05-29,10301.7802734375,10277.349609375,10307.75,10227.4404296875,1305.5699462890625,192.75254821777344,26533236,32.072307586669922,26.585260391235352,13.576278686523438,31.547000885009766,4.9828005052216628
2019-05-30,10382.990234375,10307.1201171875,10384.3603515625,10306.0302734375,1315.2900390625,194.01240539550781,28500328,32.370147705078125,26.751314163208008,13.700831413269043,31.615999221801758,5.4999099224666725
2019-05-31,10498.490234375,10386.1201171875,10515.099609375,10369.01953125,1296.1800537109375,197.79185485839844,46070338,32.633945465087891,27.324201583862305,13.83316707611084,31.576999664306641,4.1986370706534881
2019-06-03,10500.0703125,10482.4501953125,10511.2001953125,10383.509765625,1300.52001953125,199.89157104492188,31054092,33.033878326416016,27.232872009277344,13.856520652770996,31.521999359130859,4.1858729701895525
2019-06-04,10429.1201171875,10499.509765625,10518.330078125,10421.8095703125,1355.260009765625,195.69212341308594,24443428,33.238109588623047,27.008697509765625,13.872089385986328,31.375999450683594,6.5836365823460197
2019-06-05,10461.6201171875,10497.5,10541.2900390625,10446.509765625,1345.0999755859375,197.37190246582031,29139584,32.531818389892578,27.141538619995117,13.903229713439941,31.326000213623047,3.2661424548817264
2019-06-06,10409.2001953125,10409.900390625,10429.330078125,10371.080078125,1363.1300048828125,194.85226440429688,34651731,32.710521697998047,26.701498031616211,13.942152976989746,31.298999786376953,5.0854209744911394
2019-06-10,10566.4697265625,10486.23046875,10566.4697265625,10466.240234375,1413.8900146484375,201.57127380371094,35373888,33.714641571044922,27.315900802612305,14.090059280395508,31.354000091552734,4.8848732220244662
2019-06-11,10607.759765625,10567.5400390625,10637.900390625,10548.0595703125,1418.02001953125,205.35079956054688,31965670,34.003963470458984,27.631401062011719,14.043352127075195,31.38599967956543,3.9439231667667496
2019-06-12,10615.66015625,10605.75,10630.6904296875,10566.3701171875,1384.949951171875,206.610595703125,29675556,33.5784912109375,27.897085189819336,13.856520652770996,31.363000869750977,1.942714551461866
2019-06-13,10561.009765625,10582.1904296875,10617.0595703125,10539.490234375,1392.93994140625,201.57127380371094,32981724,33.569984436035156,27.589889526367188,13.778675079345703,31.427000045776367,4.6780012349722178
2019-06-14,10524.669921875,10546.419921875,10568.919921875,10517.8203125,1356.550048828125,198.2117919921875,31951556,32.199958801269531,27.432136535644531,13.84095287322998,31.468000411987305,2.2409723094841683
2019-06-17,10530.5400390625,10488.7001953125,10562.9697265625,10474.1904296875,1347.8599853515625,195.69212341308594,51017012,32.046783447265625,27.324201583862305,13.949935913085938,31.493000030517578,3.1466504098690784
2019-06-18,10566.740234375,10547.150390625,10573.76953125,10521.7001953125,1406.1600341796875,197.79185485839844,28578087,33.365756988525391,27.382320404052734,13.895444869995117,31.47599983215332,6.1945207119230572
2019-06-19,10775.33984375,10650.48046875,10778.6396484375,10650.48046875,1407.300048828125,204.93084716796875,50164372,33.527442932128906,28.079748153686523,14.121197700500488,31.264999389648438,2.3013857889643274
2019-06-20,10785.009765625,10749.41015625,10799.1396484375,10745.25,1421.030029296875,205.770751953125,37836291,34.471988677978516,28.121261596679688,14.152336120605469,31.110000610351562,4.2347931990105225
2019-06-21,10803.76953125,10817.7099609375,10840.2900390625,10773.4697265625,1410.5,208.71029663085938,61164304,34.480487823486328,28.312221527099609,14.074490547180176,30.875,2.0155764938655674
2019-06-24,10779.4501953125,10734.25,10786.330078125,10695.490234375,1412.0799560546875,209.14418029785156,43300507,35.127162933349609,28.39525032043457,14.121197700500488,30.944999694824219,3.9483905030955002
2019-06-25,10706.7197265625,10777.1796875,10787.6201171875,10693.0400390625,1391.1199951171875,206.97468566894531,28559283,34.195808410644531,28.121261596679688,14.113411903381348,30.836000442504883,1.8928435498679397
2019-06-26,10652.5498046875,10661.3896484375,10690.98046875,10645.3701171875,1435.8299560546875,203.50343322753906,27607041,34.336406707763672,27.946903228759766,14.12898063659668,30.969999313354492,4.5091451576156683
2019-06-27,10773.900390625,10674.2001953125,10800.2900390625,10674.2001953125,1456.9000244140625,208.71029663085938,42007834,34.784503936767578,28.370344161987305,14.222395896911621,30.924999237060547,3.0817142298110278
2019-06-28,10730.830078125,10786.66015625,10788.080078125,10719.080078125,1458.9599609375,207.40859985351562,25962203,34.415489196777344,28.237497329711914,14.191258430480957,30.888999938964844,2.5087720036196526
2019-07-01,10895.4599609375,10821.2998046875,10914.849609375,10821.2998046875,1497.550048828125,215.65284729003906,66307875,36.357219696044922,29.142494201660156,14.245750427246094,30.878999710083008,4.1186880267498616
2019-07-02,10865.1201171875,10878.009765625,10888.2099609375,10843.6396484375,1476.8299560546875,216.08671569824219,24181202,35.847625732421875,29.142494201660156,14.214612007141113,30.952999114990234,2.6987266648693664
2019-07-03,10743.76953125,10793.099609375,10812.650390625,10720.66015625,1470.489990234375,210.4459228515625,29449774,35.434680938720703,28.735658645629883,14.175686836242676,30.968000411987305,4.2872391196619564
2019-07-04,10775.900390625,10755.8701171875,10791.2802734375,10750.900390625,1470.489990234375,211.74769592285156,17481240,35.434680938720703,28.993043899536133,14.300243377685547,31.055999755859375,3.9406296994898948
2019-07-05,10785.73046875,10785.849609375,10812.3798828125,10756.669921875,1461.699951171875,210.87985229492188,22867074,35.083217620849609,28.910018920898438,14.323593139648438,31.01300048828125,3.1901182939217065
2019-07-08,10751.2197265625,10742.8095703125,10781.1103515625,10708.919921875,1450.4100341796875,210.4459228515625,27787909,34.547271728515625,28.876808166503906,14.308025360107422,31.169000625610352,2.3354522176944448
2019-07-09,10702.7802734375,10729.830078125,10733.5703125,10680.849609375,1461.2099609375,210.01205444335938,16418987,34.854782104492188,28.743963241577148,14.323593139648438,31.159999847412109,3.4297776797831636
2019-07-10,10798.48046875,10723.23046875,10810.16015625,10723.23046875,1471.510009765625,214.35110473632812,23812131,35.7685546875,29.059467315673828,14.378087043762207,31.128999710083008,3.8893016079305953
2019-07-11,10843.419921875,10817.599609375,10856.509765625,10799.650390625,1476.280029296875,216.95458984375,31160289,35.935482025146484,29.391578674316406,14.440363883972168,31.034999847412109,2.8102406102868516
2019-07-12,10824.349609375,10855.16015625,10867.58984375,10823.8896484375,1504.280029296875,217.38845825195312,23479432,36.225433349609375,29.374969482421875,14.463717460632324,30.961000442504883,3.186311452402979
2019-07-15,10876.4296875,10819.919921875,10880.5595703125,10769.5703125,1515.9200439453125,220.8597412109375,29727300,36.743824005126953,29.748594284057617,14.417010307312012,31.052000045776367,3.3207064749288362
2019-07-16,10886.0498046875,10865,10899.83984375,10865,1499.6400146484375,222.16151428222656,21361249,36.699893951416016,29.740287780761719,14.401439666748047,30.982000350952148,2.3612150787039488
2019-07-17,10828.48046875,10861.1103515625,10861.1103515625,10804.33984375,1503.8699951171875,218.690185546875,25573648,36.576877593994141,29.433090209960938,14.393656730651855,31.003000259399414,3.7077125979717129
2019-07-18,10799.2802734375,10821.919921875,10835.4296875,10792.26953125,1526.969970703125,220.42582702636719,20842575,37.947521209716797,29.433090209960938,14.417010307312012,31.000999450683594,6.7398589400790021
2019-07-19,10873.1904296875,10861.990234375,10919.9599609375,10861.990234375,1523.9100341796875,224.76493835449219,59709798,38.509830474853516,29.798408508300781,14.424795150756836,30.899999618530273,5.8842856625513029
2019-07-22,10944.5302734375,10910.5,10949.759765625,10909.150390625,1554.0899658203125,229.10409545898438,31522639,39.186374664306641,30.047489166259766,14.463717460632324,31.031999588012695,6.1553753547959777
2019-07-23,10947.259765625,10963.8603515625,10994.4404296875,10932.5302734375,1573.27001953125,229.10409545898438,29273223,39.028224945068359,30.180334091186523,14.440363883972168,31.044000625610352,5.7678377319160923
2019-07-24,10935.759765625,10969.740234375,10976.4599609375,10912.919921875,1622.02001953125,229.97184753417969,23734039,39.133663177490234,30.304874420166016,14.354733467102051,31.010000228881836,5.5376922960619801
2019-07-25,10941.41015625,10892.25,10945.919921875,10879.400390625,1594.1199951171875,229.97184753417969,30433545,38.325332641601562,30.304874420166016,14.463717460632324,31.091999053955078,3.6310504100364405
2019-07-26,10891.98046875,10898.25,10907.4404296875,10879.240234375,1593.8599853515625,226.50056457519531,20438071,38.184757232666016,30.138820648193359,14.393656730651855,31.011999130249023,4.5635943830130365
2019-07-29,10885.73046875,10872.6298828125,10905.740234375,10863.330078125,1598.02001953125,226.50056457519531,17509320,38.606487274169922,30.29656982421875,14.440363883972168,31.082000732421875,5.9570750282709861
2019-07-30,10830.900390625,10909.98046875,10927.16015625,10827.740234375,1593.8199462890625,225.63276672363281,22670612,37.877239227294922,30.213542938232422,14.440363883972168,31.027000427246094,4.1707846562597295
2019-07-31,10823.8095703125,10824.150390625,10835.7998046875,10754.0703125,1542.43994140625,225.1988525390625,31635601,37.455493927001953,30.055791854858398,14.393656730651855,31.023000717163086,3.1960688838345019
2019-08-01,10731.75,10773.0595703125,10773.25,10714.73046875,1511.97998046875,222.59536743164062,30017526,36.787746429443359,30.055791854858398,14.284673690795898,31.146999359130859,2.9516406996768607
2019-08-02,10549.0400390625,10641.2802734375,10641.2802734375,10524.6796875,1488.4300537109375,218.25630187988281,54021644,36.594455718994141,29.316854476928711,14.090059280395508,31.306999206542969,4.9832317592310327
2019-08-05,10423.41015625,10528.8701171875,10542.490234375,10418.25,1423.52001953125,213.91719055175781,51535721,35.030517578125,28.810384750366211,14.058920860290527,31.450000762939453,3.0033913325571371
2019-08-06,10394.75,10304.8798828125,10425.599609375,10180.0400390625,1441.77001953125,215.65284729003906,58625879,36.251792907714844,28.810384750366211,13.988858222961426,31.694000244140625,6.5568433439107121
2019-08-07,10386.1796875,10422.8896484375,10461.3701171875,10366.5400390625,1452.1199951171875,215.21893310546875,29435460,36.251792907714844,29.017953872680664,13.934365272521973,31.427000045776367,5.8722000830586207
2019-08-08,10494.490234375,10383.6201171875,10500.76953125,10383.6201171875,1491.260009765625,219.991943359375,29725266,36.814113616943359,29.159101486206055,14.012212753295898,31.420999526977539,5.1616917310876698
2019-08-12,10472.3603515625,10491.7900390625,10514.0498046875,10440.76953125,1446.97998046875,217.82240295410156,21794603,35.988197326660156,29.441390991210938,14.121197700500488,31.365999221801758,3.6445979874647483
2019-08-13,10362.66015625,10436.6201171875,10436.6201171875,10361.8896484375,1489.6600341796875,213.91719055175781,23121107,36.761390686035156,29.142494201660156,13.973291397094727,31.427999496459961,8.0172159133086609
2019-08-14,10427.73046875,10444.5,10518.01953125,10427.73046875,1442.5400390625,216.52066040039062,35216703,35.522533416748047,29.267036437988281,14.012212753295898,31.093999862670898,2.0260742914391727
2019-08-15,10327.1298828125,10374.75,10374.75,10287.759765625,1439.2900390625,215.21893310546875,27624412,35.900352478027344,28.868503570556641,13.903229713439941,31.357999801635742,4.6156329873590307
2019-08-16,10420.8896484375,10345.419921875,10456.3203125,10318.3701171875,1479.25,216.95458984375,25370715,36.497810363769531,29.159101486206055,14.066702842712402,31.228000640869141,5.068405904752904
2019-08-19,10488.75,10449.3896484375,10516.0498046875,10449.3896484375,1506.989990234375,218.690185546875,24060514,36.708667755126953,29.507818222045898,14.12898063659668,31.301000595092773,5.0818104502459382
2019-08-20,10522.5,10508.419921875,10538.1201171875,10497.1298828125,1498.9000244140625,220.8597412109375,19960494,36.849254608154297,29.648958206176758,14.160118103027344,31.350000381469727,4.6115638539291126
2019-08-21,10525.7998046875,10526.8701171875,10545.25,10504.490234375,1512.719970703125,220.8597412109375,20269296,37.411571502685547,29.898040771484375,14.12898063659668,31.312000274658203,6.0791913224855998
2019-08-22,10529.7802734375,10560.009765625,10596.41015625,10515.7197265625,1512.25,220.42582702636719,21900840,37.016189575195312,29.939554214477539,14.136765480041504,31.281999588012695,5.0639521386527608
2019-08-23,10538.1103515625,10526.150390625,10541.73046875,10503.0703125,1446.3800048828125,220.42582702636719,14166877,35.979412078857422,29.856525421142578,14.121197700500488,31.302000045776367,2.1865335593984847
2019-08-26,10354.5703125,10453.400390625,10453.400390625,10340.150390625,1458.8800048828125,215.65284729003906,31678620,36.322078704833984,29.325153350830078,14.035567283630371,31.419000625610352,5.8370828756833415
2019-08-27,10387.23046875,10386.2099609375,10431.7802734375,10368.9599609375,1454.1199951171875,216.95458984375,50234951,36.330867767333984,29.433090209960938,14.097842216491699,31.374000549316406,5.0767965877459131
2019-08-28,10434.2900390625,10397.599609375,10456.2998046875,10397.599609375,1462.8499755859375,218.690185546875,15132882,36.594455718994141,29.698772430419922,14.05113410949707,31.327999114990234,4.8452241705622345
2019-08-29,10462.4296875,10440.150390625,10466.990234375,10406.490234375,1495.8199462890625,220.42582702636719,19587767,37.147983551025391,29.748594284057617,14.019997596740723,31.403999328613281,5.8492342965047683
2019-08-30,10618.0498046875,10504.2802734375,10618.0498046875,10504.2802734375,1504.9200439453125,224.76493835449219,35184201,37.455493927001953,30.0308837890625,14.191258430480957,31.270999908447266,4.2218377774592142
2019-09-02,10634.849609375,10613.1904296875,10634.849609375,10589.419921875,1504.9200439453125,223.46321105957031,14614854,37.455493927001953,30.138820648193359,14.183472633361816,31.333000183105469,5.0367971093196351
2019-09-03,10558.2099609375,10629.2197265625,10650.150390625,10557.0302734375,1478.3199462890625,220.42582702636719,25762495,36.655956268310547,30.07240104675293,14.175686836242676,31.361000061035156,4.3042425904364245
2019-09-04,10657.3095703125,10566.3203125,10670.4296875,10566.3203125,1519.550048828125,223.46321105957031,22540733,37.912372589111328,30.205240249633789,14.136765480041504,31.35099983215332,6.3791020492327544
2019-09-05,10756.9296875,10718.400390625,10766.599609375,10714.26953125,1566.2099609375,228.23617553710938,48791728,38.870071411132812,30.703403472900391,14.23796558380127,31.167999267578125,6.162167712621569
2019-09-06,10780.6396484375,10783.4599609375,10803.0703125,10753.4501953125,1568.3399658203125,228.67015075683594,25408515,38.404415130615234,30.720006942749023,14.385871887207031,31.170000076293945,4.6980218965474885
2019-09-10,10753.580078125,10791.9501953125,10810.0302734375,10732.7802734375,1583.1500244140625,226.9344482421875,29308866,38.747058868408203,30.529045104980469,14.634980201721191,31.174999237060547,6.4571324466205615
2019-09-11,10790.349609375,10787.650390625,10815.58984375,10746.8701171875,1606.18994140625,228.23617553710938,36196015,38.852493286132812,30.479227066040039,14.658331871032715,31.084999084472656,5.831576908153302
2019-09-12,10827.5498046875,10830.25,10862.6796875,10804.01953125,1610.7900390625,227.80229187011719,26017293,38.720706939697266,30.769824981689453,14.666115760803223,31.034999847412109,5.5035157109260657
2019-09-16,10898.1298828125,10822.6904296875,10898.1298828125,10822.6904296875,1594.489990234375,230.40570068359375,32573966,39.186374664306641,30.886064529418945,14.67390251159668,30.915000915527344,5.1577113785795659
2019-09-17,10874.5,10908.849609375,10912.23046875,10866.4296875,1599.739990234375,229.97184753417969,27600844,39.652050018310547,30.927572250366211,14.697254180908203,30.886999130249023,6.5115445703519903
2019-09-18,10929.4501953125,10887.419921875,10971.5400390625,10878.33984375,1600.949951171875,231.70745849609375,47684759,39.572971343994141,31.101934432983398,14.782885551452637,30.849000930786133,5.3730974176154023
2019-09-19,10894.7001953125,10947.6201171875,10954.1796875,10874.66015625,1592.0699462890625,231.70747375488281,25233567,39.734031677246094,31.060422897338867,14.782885551452637,30.961999893188477,6.1895039128763374
2019-09-20,10929.6904296875,10908.099609375,10931.759765625,10903.4501953125,1563,230.83316040039062,43868865,38.822536468505859,31.052118301391602,14.767313957214355,30.864999771118164,3.8202290464877331
2019-09-23,10919.01953125,10924.8095703125,10948.1904296875,10905.919921875,1578.0899658203125,230.83316040039062,13093208,38.999526977539062,31.135141372680664,14.751748085021973,30.98699951171875,4.7057815535778813
2019-09-24,10918.009765625,10917.4404296875,10947.5302734375,10886.6201171875,1551.989990234375,231.70747375488281,24244943,39.043777465820312,31.184957504272461,14.712824821472168,30.940000534057617,4.2706543788081364
2019-09-25,10873.6904296875,10885.669921875,10885.669921875,10825.849609375,1579.56005859375,232.58189392089844,21003163,39.831363677978516,30.902667999267578,14.557132720947266,30.924999237060547,5.9226813048051996
2019-09-26,10871.990234375,10909.5703125,10934.91015625,10856.9599609375,1580.0999755859375,234.33055114746094,29940103,41.114543914794922,31.110237121582031,14.59605598449707,30.947000503540039,8.5963230149441081
2019-09-27,10829.6796875,10904,10921.169921875,10827.6103515625,1542.8699951171875,237.8280029296875,41235817,40.273845672607422,31.110237121582031,14.557132720947266,30.930000305175781,4.7538593941458762
2019-10-01,10967.650390625,10855.599609375,10967.650390625,10855.599609375,1544.199951171875,244.82296752929688,71743890,41.760555267333984,31.658212661743164,14.580484390258789,31.034000396728516,5.87218199444135
2019-10-02,10947.8798828125,10945.919921875,10965.2001953125,10927.3896484375,1519.77001953125,244.38581848144531,29295953,41.087997436523438,31.716329574584961,14.603838920593262,31.02400016784668,4.3198044213820008
2019-10-03,10875.91015625,10866.5,10888.400390625,10809.2802734375,1545.760009765625,241.76272583007812,31890864,41.707450866699219,31.533670425415039,14.471502304077148,31.055000305175781,7.1484361326891399
2019-10-04,10894.48046875,10907.6904296875,10941.490234375,10854.1201171875,1574.3900146484375,241.76272583007812,35169613,41.964092254638672,31.633302688598633,14.440363883972168,30.915000915527344,7.3217507799977488
2019-10-07,10935.0595703125,10932.240234375,10954.4501953125,10919.4296875,1563.1700439453125,243.07427978515625,17510230,42.43310546875,31.716329574584961,14.455934524536133,30.847999572753906,7.7017626486499458
2019-10-08,11017.3095703125,10986.009765625,11020.509765625,10986.009765625,1514.449951171875,250.50640869140625,35278551,42.353462219238281,31.965414047241211,14.518208503723145,30.785999298095703,4.1006228115810561
2019-10-09,10889.9599609375,10976.9296875,10989.3896484375,10889.9599609375,1540.8499755859375,246.57174682617188,34777456,43.079113006591797,31.633302688598633,14.455934524536133,30.739999771118164,7.4131112755733808
2019-10-14,11066.9501953125,11004.740234375,11085.490234375,11004.740234375,1590.4000244140625,253.566650390625,46683517,44.167606353759766,32.314121246337891,14.518208503723145,30.625999450683594,6.6920342911362285
2019-10-15,11111.7998046875,11103.5,11126.4501953125,11091.2900390625,1625.68994140625,256.62701416015625,38018567,44.592380523681641,32.563205718994141,14.627191543579102,30.593999862670898,6.3223439732089215
2019-10-16,11162.830078125,11166.169921875,11180.1103515625,11113.1796875,1601.7900390625,259.2501220703125,40297144,44.362289428710938,32.41375732421875,14.627191543579102,30.481000900268555,4.3167866781388398
2019-10-17,11186.8798828125,11156.1396484375,11186.8798828125,11131.4501953125,1607.1600341796875,256.62701416015625,40271938,44.026012420654297,32.380546569824219,14.650548934936523,30.510000228881836,4.6837296865893885
2019-10-18,11180.2197265625,11190.2099609375,11237.3798828125,11154.8603515625,1590.0899658203125,256.18972778320312,45102984,43.610088348388672,32.521694183349609,14.658331871032715,30.607000350952148,4.2019913080761251
2019-10-21,11184.150390625,11166.240234375,11188.1298828125,11147.8603515625,1620.0400390625,253.566650390625,34634365,44.247249603271484,32.463577270507812,14.697254180908203,30.53700065612793,6.5738170288117681
2019-10-22,11271.25,11221.1904296875,11271.25,11218.25,1607.5999755859375,257.06411743164062,26005020,44.813613891601562,32.712657928466797,14.736176490783691,30.518999099731445,6.4066549371438741
2019-10-23,11239.669921875,11266.1796875,11281.1201171875,11209.099609375,1576.5799560546875,256.18972778320312,28675408,44.397689819335938,32.820587158203125,14.751748085021973,30.459999084472656,5.5743805929708179
2019-10-24,11320.1396484375,11266.83984375,11320.1396484375,11254.58984375,1615.510009765625,256.18972778320312,29040827,45.087955474853516,32.762474060058594,14.767313957214355,30.573999404907227,7.6170489570297484
2019-10-25,11296.1201171875,11336.6396484375,11347.1796875,11281.3701171875,1648.6700439453125,256.62701416015625,22682711,45.247245788574219,32.936824798583984,14.790669441223145,30.493000030517578,7.5275938292894917
2019-10-28,11315.01953125,11321.990234375,11341.0302734375,11295.4404296875,1677.5699462890625,257.50128173828125,20076561,45.406520843505859,33.028156280517578,14.75953197479248,30.562000274658203,7.7830831072089435
2019-10-29,11333.8701171875,11347.3896484375,11373.9501953125,11292.830078125,1662.4599609375,260.99884033203125,36682131,45.548130035400391,33.210819244384766,14.814023971557617,30.527000427246094,6.5481964044025398
2019-10-30,11380.2802734375,11336.9697265625,11380.2802734375,11306.9501953125,1661.4599609375,261.8731689453125,32370342,45.937496185302734,33.194217681884766,14.845159530639648,30.39900016784668,6.6511670417902291
2019-10-31,11358.7099609375,11393.6796875,11428.419921875,11358.7099609375,1651.219970703125,260.99884033203125,40944514,45.689701080322266,33.235729217529297,14.899653434753418,30.215000152587891,5.7870083527882921
2019-11-01,11399.5302734375,11373.7001953125,11399.5302734375,11335.509765625,1689.9300537109375,261.43603515625,30121678,46.105636596679688,33.094577789306641,14.829590797424316,30.483999252319336,7.520311092607268
2019-11-04,11556.849609375,11451.7197265625,11559.0703125,11451.7197265625,1726.9200439453125,268.430908203125,44899671,47.335716247558594,34.149028778076172,14.977499008178711,30.434999465942383,7.3395391282049305
2019-11-05,11644.0302734375,11576.1796875,11644.0302734375,11576.1796875,1730.1500244140625,271.49114990234375,32201184,47.388801574707031,34.439620971679688,15.094265937805176,30.326999664306641,5.8716035469285277
2019-11-06,11653.0703125,11645.080078125,11668.2001953125,11601.7001953125,1715.6700439453125,271.92843627929688,22149743,47.468456268310547,34.530948638916016,15.296666145324707,30.309999465942383,5.8196710743297686
2019-11-07,11606.5595703125,11642.91015625,11647.4697265625,11552.080078125,1727.6800537109375,270.17971801757812,28291659,47.4949951171875,34.373203277587891,15.211038589477539,30.371000289916992,6.7785932310329367
2019-11-08,11579.5400390625,11620.8896484375,11642.41015625,11561.3095703125,1736.780029296875,267.119384765625,25651542,46.751644134521484,34.298477172851562,15.335586547851562,30.246999740600586,5.8775250811748059
2019-11-11,11427.2802734375,11570.330078125,11570.330078125,11409.830078125,1727.5899658203125,263.18475341796875,35165583,46.548107147216797,33.999576568603516,15.172111511230469,30.381000518798828,7.4665647628009646
2019-11-12,11520.3701171875,11463.330078125,11520.3701171875,11459.6796875,1732.4200439453125,266.68212890625,17540708,46.149887084960938,33.866737365722656,15.296666145324707,30.41200065612793,5.2571765542980931
2019-11-13,11467.830078125,11483.240234375,11509.3701171875,11439.08984375,1732.8599853515625,265.807861328125,18172438,46.795894622802734,34.074302673339844,15.234389305114746,30.379999160766602,6.9689385607079712
2019-11-14,11450.419921875,11488.740234375,11498.25,11424.76953125,1727.5899658203125,265.37063598632812,15734835,46.441917419433594,33.958065032958984,15.218818664550781,30.458999633789062,6.6112187140304757
2019-11-15,11525.599609375,11485.4599609375,11552.25,11485.4599609375,1742.9300537109375,268.430908203125,28848445,47.158721923828125,34.240352630615234,15.218818664550781,30.430999755859375,6.9241291889312384
2019-11-18,11599.7802734375,11543.7998046875,11599.7802734375,11532.9697265625,1738.780029296875,271.92843627929688,18691325,47.273761749267578,34.439620971679688,15.257742881774902,30.489999771118164,6.0114936589146684
2019-11-19,11656.400390625,11608.48046875,11656.400390625,11576.7900390625,1730.5,275.4259033203125,31634197,47.574638366699219,34.713611602783203,15.249957084655762,30.438999176025391,5.1552784677290076
2019-11-20,11631.2001953125,11645.73046875,11649.0703125,11591.73046875,1710.1400146484375,274.11441040039062,22387973,47.344562530517578,34.630580902099609,15.257742881774902,30.434999465942383,5.1335997423012314
2019-11-21,11558.26953125,11573.83984375,11573.83984375,11478.4296875,1690.8299560546875,271.92843627929688,28108833,46.884380340576172,34.290172576904297,15.179897308349609,30.447999954223633,4.9934776955396387
2019-11-22,11566.7998046875,11556.75,11577.01953125,11534.150390625,1690.7900390625,270.17971801757812,24737984,46.71624755859375,34.419406890869141,15.179897308349609,30.447000503540039,5.290628280799714
2019-11-25,11561.580078125,11590.8095703125,11604.75,11559.330078125,1731.949951171875,268.430908203125,19530177,47.574638366699219,34.462482452392578,15.220269203186035,30.559000015258789,8.320862474880041
2019-11-26,11576.8203125,11608.3701171875,11642.9599609375,11576.8203125,1723.260009765625,268.430908203125,101224622,47.459598541259766,34.634796142578125,15.268714904785156,30.451000213623047,7.6770372676137955
2019-11-27,11647.4599609375,11590.8095703125,11651.73046875,11590.8095703125,1735.9100341796875,271.92843627929688,18467648,47.689685821533203,34.462482452392578,15.26064395904541,30.440000534057617,6.7688309276710212
2019-11-28,11617.080078125,11641.7001953125,11654.0595703125,11604.6796875,1735.9100341796875,270.61685180664062,19077982,47.689685821533203,34.660640716552734,15.196045875549316,30.461999893188477,7.3638389260197723
2019-11-29,11489.5703125,11616.8798828125,11623.58984375,11485.16015625,1716.8399658203125,266.68212890625,30963561,46.981723785400391,34.307403564453125,15.131450653076172,30.423999786376953,7.1966809529353304
2019-12-02,11502.830078125,11509.9404296875,11524.849609375,11454.3798828125,1691.75,268.86813354492188,24016807,46.884380340576172,34.169551849365234,15.058779716491699,30.528999328613281,6.4710196086332106
2019-12-03,11531.580078125,11473.3203125,11531.580078125,11460.0595703125,1665.7099609375,268.430908203125,24690319,46.707389831542969,34.152320861816406,15.050705909729004,30.434000015258789,5.9112538389368918
2019-12-04,11510.4697265625,11511.8203125,11513.830078125,11457.4296875,1691.449951171875,267.556640625,25492686,47.061374664306641,34.290172576904297,15.042631149291992,30.444999694824219,7.1013250836090336
2019-12-05,11594.650390625,11546.75,11604.3896484375,11546.75,1697.6600341796875,272.80276489257812,34521842,48.140998840332031,34.807106018066406,15.083004951477051,30.468000411987305,7.5326324554140456
2019-12-06,11609.6396484375,11639.7998046875,11657.650390625,11577.830078125,1724.2099609375,273.6771240234375,17695703,48.618877410888672,34.988033294677734,15.058779716491699,30.413999557495117,8.0612434332687055
2019-12-09,11660.76953125,11635.4697265625,11678.3603515625,11631.0302734375,1714.97998046875,276.30023193359375,23256081,48.194095611572266,35.013881683349609,15.123374938964844,30.422000885009766,6.1280918287375918
2019-12-10,11627.83984375,11647.7802734375,11649.73046875,11607.259765625,1720.9000244140625,274.11441040039062,20570594,48.247196197509766,34.858798980712891,15.018407821655273,30.396999359130859,7.0042242400456756
2019-12-11,11700.76953125,11635.0703125,11700.76953125,11622.580078125,1759.199951171875,278.92337036132812,31223148,49.468418121337891,35.143119812011719,15.066853523254395,30.451999664306641,8.0162089016275075
2019-12-12,11836.419921875,11766.98046875,11875.98046875,11766.98046875,1806.8699951171875,289.85296630859375,52742851,51.866630554199219,35.996067047119141,15.171822547912598,30.344999313354492,8.599397038947787
2019-12-13,11927.73046875,11937.900390625,11990.7802734375,11913.01953125,1796.0400390625,296.4107666015625,58198939,51.548046112060547,36.616386413574219,15.252567291259766,30.187000274658203,4.9948961020407578
2019-12-16,11939.76953125,11915.6103515625,11975.73046875,11915.6103515625,1813.31005859375,293.78765869140625,102188,51.804672241210938,36.392379760742188,15.309086799621582,30.219999313354492,6.5761010201170533
2019-12-17,12097.009765625,11939.6201171875,12097.009765625,11939.6201171875,1821.9200439453125,301.65679931640625,40813458,52.415294647216797,36.866241455078125,15.301013946533203,30.097000122070312,4.5919159104355955
2019-12-18,12122.4501953125,12061.099609375,12125.900390625,12059.919921875,1820.2900390625,301.2197265625,39682841,52.300262451171875,36.874858856201172,15.341384887695312,30.017999649047852,4.2394718181672397
2019-12-19,12018.900390625,12082.98046875,12111.76953125,12008.16015625,1834.969970703125,295.05435180664062,54888012,51.649723052978516,36.616386413574219,15.333310127258301,30.034999847412109,5.1534684722567947
2019-12-20,11959.080078125,12001.5595703125,12028.2197265625,11937.4501953125,1853.8699951171875,289.76983642578125,86280459,51.62298583984375,36.452690124511719,15.341384887695312,30.14900016784668,7.4219061547375231
2019-12-23,12022.23046875,11969.1396484375,12022.23046875,11960.2099609375,1857.1199951171875,294.17367553710938,26639340,51.881416320800781,36.314842224121094,15.365609169006348,30.125,6.2588393615093274
2019-12-24,11976.3798828125,12023.7900390625,12027.599609375,11976.3798828125,1862.199951171875,292.41207885742188,13488907,51.47149658203125,36.280380249023438,15.381755828857422,30.138999938964844,6.1036492340435622
2019-12-25,12008.1298828125,11978.9404296875,12032.3701171875,11973.9501953125,1862.199951171875,293.2928466796875,12262954,51.47149658203125,36.400997161865234,15.365609169006348,30,5.2971400388320378
2019-12-26,12001.009765625,12018.3798828125,12030.66015625,11982.6396484375,1864.489990234375,293.2928466796875,11427884,51.908153533935547,36.581924438476562,15.341384887695312,29.899999618530273,5.8364558449883308
2019-12-27,12091.58984375,12032.7197265625,12093.01953125,12032.7197265625,1858.5899658203125,297.69668579101562,16677806,52.095291137695312,36.719772338867188,15.35753345489502,30.076000213623047,5.2627094737623059
2019-12-30,12053.3701171875,12094.8095703125,12114.8896484375,12046.2197265625,1844.3900146484375,294.614013671875,21531263,51.55169677734375,36.685314178466797,15.349459648132324,30.083000183105469,5.2787465377976961
2019-12-31,11997.1396484375,12019.1904296875,12047.75,11997.1396484375,1849.6199951171875,291.5313720703125,22890517,51.774486541748047,36.332073211669922,15.341384887695312,30.073999404907227,6.819781788038215
2020-01-02,12100.48046875,12026.5,12110.740234375,12026.23046875,1887.9100341796875,298.5775146484375,31754120,53.503276824951172,36.788700103759766,15.35753345489502,29.843999862670898,6.9572695784807514
2020-01-03,12110.4296875,12167.4404296875,12197.6396484375,12023.599609375,1853.97998046875,299.017822265625,41811268,51.73883056640625,36.685314178466797,15.365609169006348,29.899999618530273,3.471492266070908
2020-01-06,11953.3603515625,12035.7099609375,12040.080078125,11953.3603515625,1834.6800537109375,292.41207885742188,45343057,51.141777038574219,36.220069885253906,15.28486442565918,30.034999847412109,5.0601788785151314
2020-01-07,11880.3203125,11961.9697265625,11986.0302734375,11822.400390625,1867.280029296875,290.21023559570312,50879181,51.970535278320312,35.927135467529297,15.276790618896484,30.047000885009766,7.6156887641658511
2020-01-08,11817.099609375,11818.759765625,11899.669921875,11777.4501953125,1867.5899658203125,290.21023559570312,37567748,52.353717803955078,35.849597930908203,15.196045875549316,29.985000610351562,8.1854509427240494
2020-01-09,11970.6298828125,11889.4599609375,11992.5498046875,11889.4599609375,1878.72998046875,297.25631713867188,31481504,52.781459808349609,36.340686798095703,15.220269203186035,30.010000228881836,6.5727811052948448
2020-01-10,12024.650390625,12009.26953125,12038.2099609375,11959.0595703125,1866.3499755859375,299.017822265625,27032115,52.451732635498047,36.400997161865234,15.252567291259766,29.943000793457031,5.0480710496074943
2020-01-13,12113.419921875,12069.6103515625,12113.419921875,12037.240234375,1890.7900390625,300.77926635742188,30663332,53.521099090576172,36.685314178466797,15.47865104675293,29.961999893188477,6.6296347255256016
2020-01-14,12179.8095703125,12161.73046875,12186.6201171875,12140.26953125,1894.6400146484375,304.74267578125,30223993,53.752780914306641,36.969627380371094,15.51094913482666,29.874000549316406,5.387970519361196
2020-01-15,12091.8798828125,12169.919921875,12169.919921875,12048.009765625,1872.1600341796875,299.45822143554688,47434274,52.032905578613281,36.607772827148438,15.486724853515625,29.826000213623047,3.6494136286169043
2020-01-16,12066.9296875,12006.080078125,12075.5400390625,12006.080078125,1903.9300537109375,294.614013671875,55211420,52.353717803955078,36.478542327880859,15.543247222900391,29.933000564575195,6.3835250096930141
2020-01-17,12090.2900390625,12080.7197265625,12117.5498046875,12055.91015625,1916.6199951171875,293.2928466796875,52060097,52.202228546142578,36.444076538085938,15.55939769744873,29.89900016784668,6.4324928297805117
2020-01-20,12118.7099609375,12107.5595703125,12151.419921875,12101.5498046875,1916.6199951171875,293.2928466796875,32658203,52.202228546142578,36.607772827148438,15.648211479187012,29.950000762939453,6.6140413913061025
2020-01-30,11421.740234375,11933.23046875,11933.23046875,11418.2197265625,1855.800048828125,278.76031494140625,125451049,49.724895477294922,34.462482452392578,15.026483535766602,30.090999603271484,7.3518524611012159
2020-01-31,11495.099609375,11494.0302734375,11594.2099609375,11436.9501953125,1789.9300537109375,281.843017578125,62526055,48.067394256591797,34.807106018066406,15.074929237365723,30.204999923706055,3.0272562598187447
2020-02-03,11354.919921875,11365.900390625,11365.900390625,11138.0302734375,1812.1800537109375,277.43923950195312,59560849,48.807025909423828,34.117855072021484,14.889219284057617,30.346000671386719,6.7691825910831893
2020-02-04,11555.919921875,11399.4599609375,11581.3603515625,11393.0302734375,1868.6500244140625,286.246826171875,51890496,51.25762939453125,34.970802307128906,15.034557342529297,30.239999771118164,8.3002890818414841
2020-02-05,11573.6201171875,11601.5498046875,11620.419921875,11512.7099609375,1909.52001953125,288.44866943359375,36601453,51.61407470703125,34.919109344482422,15.131450653076172,30.027999877929688,7.4622692519645373
2020-02-06,11749.6796875,11605.1103515625,11749.6796875,11605.1103515625,1909.6400146484375,292.8525390625,29267094,51.703193664550781,35.634208679199219,15.341384887695312,29.951000213623047,5.7571410819465818
2020-02-07,11612.8095703125,11712.7099609375,11712.7099609375,11592.08984375,1864.3599853515625,288.88906860351562,28798327,50.081352233886719,35.134498596191406,15.163748741149902,30.030000686645508,4.119068903630474
2020-02-10,11574.0703125,11514.7197265625,11598.0302734375,11423.33984375,1892.800048828125,288.44866943359375,30632424,50.812068939208984,35.134498596191406,15.163748741149902,30.177000045776367,6.3174123642479652
2020-02-11,11664.0400390625,11614.25,11678.580078125,11614.25,1931.0799560546875,291.97177124023438,27524935,52.273517608642578,35.401584625244141,15.268714904785156,30.025999069213867,7.5148179150647421
2020-02-12,11774.1904296875,11693.400390625,11801.51953125,11693.400390625,1958.8199462890625,295.05435180664062,37612639,53.137901306152344,35.909908294677734,15.268714904785156,29.948999404907227,7.8734792319818281
2020-02-13,11791.7802734375,11813.5,11854.98046875,11784.9404296875,1960.3399658203125,295.05435180664062,22757021,52.870574951171875,35.996067047119141,15.349459648132324,29.909999847412109,7.1910228769281659
2020-02-14,11815.7001953125,11806.51953125,11840.7900390625,11788.8701171875,1956.56005859375,295.05435180664062,16933683,51.854690551757812,35.987445831298828,15.341384887695312,29.985000610351562,5.3950174483788249
2020-02-17,11763.509765625,11770.2998046875,11775.5595703125,11724.8203125,1956.56005859375,291.97177124023438,15937079,51.854690551757812,35.677284240722656,15.325236320495605,30.014999389648438,6.614314024269019
2020-02-18,11648.98046875,11700.91015625,11717.099609375,11642.9501953125,1929.1199951171875,283.6044921875,61825604,50.063522338867188,35.177581787109375,15.365609169006348,30.016000747680664,5.9719972955490253
2020-02-19,11758.83984375,11655.3701171875,11783.4296875,11654.16015625,1979.5,287.56790161132812,38781218,51.364574432373047,35.410198211669922,15.527095794677734,30.055000305175781,7.3668021771580605
2020-02-20,11725.08984375,11785.7802734375,11827.830078125,11714.150390625,1949.25,286.68722534179688,27011736,50.330860137939453,35.255119323730469,15.567471504211426,30.170999526977539,5.9365205829248424
2020-02-21,11686.349609375,11721.16015625,11755.169921875,11661.6298828125,1891.050048828125,286.246826171875,22813534,49.537757873535156,35.186195373535156,15.47865104675293,30.225000381469727,4.6145224140039298
2020-02-24,11534.8701171875,11615.2802734375,11615.2802734375,11512.080078125,1801.22998046875,281.843017578125,41693680,48.227798461914062,34.781265258789062,15.341384887695312,30.386999130249023,3.9939241716202112
2020-02-25,11540.23046875,11506.740234375,11567.08984375,11415.4697265625,1746.1099853515625,283.6044921875,36195011,47.99609375,34.893260955810547,15.228344917297363,30.341999053955078,2.6991794046220097
2020-02-26,11433.6201171875,11468.599609375,11494.2197265625,11408.0595703125,1749.949951171875,280.52197265625,60479362,49.038730621337891,34.505558013916016,15.131450653076172,30.413000106811523,6.3314153613358348
2020-02-27,11292.169921875,11436.9599609375,11470.23046875,11274.51953125,1668.6500244140625,278.31997680664062,61250927,47.488166809082031,33.980007171630859,15.083004951477051,30.208000183105469,3.0844115556038609
2020-03-02,11170.4599609375,11184.66015625,11282.0498046875,11049.849609375,1765.3800048828125,273.91616821289062,79912942,49.885288238525391,33.583686828613281,14.889219284057617,30.124000549316406,9.7229462652381073
2020-03-03,11327.7197265625,11279.8603515625,11390.240234375,11279.8603515625,1705.260009765625,279.64108276367188,49679411,48.905052185058594,34.247085571289062,14.978036880493164,29.805000305175781,4.2489952402420927
2020-03-04,11392.349609375,11368.25,11392.349609375,11297.8095703125,1789.5699462890625,282.28347778320312,42941146,50.865535736083984,34.057544708251953,14.889219284057617,29.770000457763672,7.2869750677075462
2020-03-05,11514.8203125,11454.650390625,11525.3203125,11454.650390625,1734.030029296875,284.48532104492188,37861525,49.662509918212891,34.789875030517578,15.099154472351074,29.75,3.8689563763842916
2020-03-06,11321.8095703125,11471.3603515625,11471.3603515625,11310.3203125,1699.8900146484375,277.43923950195312,51546760,49.074371337890625,34.281558990478516,14.945740699768066,29.884000778198242,5.7196201866599239
2020-03-09,10977.6396484375,11221.759765625,11221.759765625,10977.6396484375,1558.1600341796875,269.07199096679688,87871277,46.187122344970703,33.230449676513672,14.582391738891602,29.900999069213867,2.6521636298483919
2020-03-10,11003.5400390625,10907.6201171875,11032.4697265625,10830.2197265625,1656.5,270.39309692382812,71950130,48.575344085693359,33.52337646484375,14.501646041870117,29.985000610351562,7.7343866117905335
2020-03-11,10893.75,11022.8203125,11088.23046875,10885.91015625,1562.5400390625,265.98934936523438,62216710,46.552478790283203,33.273525238037109,14.412829399108887,29.739999771118164,4.0997101479402387
2020-03-12,10422.3203125,10845.3896484375,10845.3896484375,10359.669921875,1392.1099853515625,258.94329833984375,113527351,43.388969421386719,31.507326126098633,13.81532096862793,30.069000244140625,0.76823308339994956
2020-03-13,10128.8701171875,10091.0302734375,10171.2001953125,9636.150390625,1544.260009765625,255.42034912109375,149995148,46.543567657470703,31.188547134399414,13.322781562805176,29.947999954223633,9.1445350279825135
2020-03-16,9717.76953125,10069.419921875,10130.7998046875,9717.76953125,1298.780029296875,243.52999877929688,103873228,40.011608123779297,29.465425491333008,12.919060707092285,30.107000350952148,-1.0693133607331373
2020-03-17,9439.6298828125,9538.6396484375,9677.0703125,9371.349609375,1426.52001953125,236.04354858398438,121323651,43.25531005859375,28.741710662841797,12.450746536254883,30.236000061035156,10.815785088605834
2020-03-18,9218.669921875,9453.98046875,9509.6103515625,9218.669921875,1286.8399658203125,228.9974365234375,117437643,39.539314270019531,28.164463043212891,12.192364692687988,30.030000686645508,3.7012162847206431
2020-03-19,8681.33984375,9085.2802734375,9085.2802734375,8523.6298828125,1341.219970703125,220.54901123046875,160811697,39.482635498046875,26.536111831665039,11.304177284240723,30.125,7.8594175274493416
2020-03-20,9234.08984375,8816.8603515625,9264.419921875,8816.8603515625,1298.5400390625,240.11383056640625,157664726,40.058364868164062,28.259233474731445,11.958207130432129,30.320999145507812,1.1694864950420492
2020-03-23,8890.0302734375,9025.5498046875,9029.51953125,8750.1396484375,1342.1199951171875,226.774169921875,76466709,40.715065002441406,27.785377502441406,11.546411514282227,30.268999099731445,8.6900034804648705
2020-03-24,9285.6201171875,9083.7802734375,9415.6396484375,9083.7802734375,1491.8299560546875,237.8905029296875,81952933,43.962547302246094,28.690017700195312,12.208512306213379,30.215999603271484,11.679305855778054
2020-03-25,9644.75,9426.4296875,9722.3701171875,9426.4296875,1472.5699462890625,246.33901977539062,79447199,44.079494476318359,29.749740600585938,12.386150360107422,30.145000457763672,7.8819248674589115
2020-03-26,9736.3603515625,9667.1396484375,9739.73046875,9565.01953125,1572.6099853515625,249.00694274902344,52845633,44.862140655517578,30.025440216064453,12.426522254943848,30.253000259399414,9.0101615565423074
2020-03-27,9698.919921875,9807.900390625,9954.8603515625,9691.1396484375,1488.75,242.78178405761719,68752306,42.199367523193359,29.982357025146484,12.636457443237305,30.131000518798828,4.745021927391857
2020-03-30,9629.4296875,9571.2197265625,9655.7001953125,9415.51953125,1545.31005859375,237.8905029296875,49159956,43.017997741699219,29.163875579833984,12.588010787963867,30.166999816894531,9.1026261254803842
2020-03-31,9708.0595703125,9689.6201171875,9789.8095703125,9630.2998046875,1510.5899658203125,243.67109680175781,48837923,42.990997314453125,29.482658386230469,12.474968910217285,30.030000686645508,5.9641209661341676
2020-04-01,9663.6298828125,9726.2001953125,9736,9663.6298828125,1427.72998046875,241.44772338867188,44515034,41.839527130126953,29.861740112304688,12.474968910217285,30.229999542236328,4.7687564197976595
2020-04-06,9818.740234375,9707.75,9818.740234375,9651.51953125,1592.8800048828125,245.00503540039062,56392754,44.952095031738281,30.016822814941406,12.450746536254883,30.25,11.001871654423546
2020-04-07,9996.3896484375,9928.16015625,10039.150390625,9928.16015625,1585.3800048828125,251.67485046386719,48787346,44.727188110351562,30.861152648925781,12.515340805053711,30.079999923706055,6.9152370582311162
2020-04-08,10137.4697265625,10010.6396484375,10149.759765625,9984.66015625,1639.8900146484375,253.45346069335938,37912826,45.221961975097656,31.274702072143555,12.717202186584473,30.097000122070312,7.4000245537332754
2020-04-09,10119.4296875,10173.259765625,10246.83984375,10092.3603515625,1601.72998046875,251.67485046386719,27620430,43.476776123046875,31.136852264404297,12.765647888183594,30.066999435424805,3.881353320475478
2020-04-10,10157.6103515625,10105.4296875,10165.1201171875,10103.76953125,1601.72998046875,248.562255859375,27252858,43.476776123046875,30.895614624023438,13.112847328186035,30.066999435424805,5.1821965990929364
2020-04-13,10099.2197265625,10147.5595703125,10179.400390625,10080.650390625,1623.6800537109375,247.67295837402344,22196596,43.854606628417969,30.912849426269531,13.056325912475586,30.025999069213867,6.3320264311685248
2020-04-14,10332.9404296875,10130.650390625,10344.1298828125,10130.650390625,1695.760009765625,253.45346069335938,48809688,45.545810699462891,31.429786682128906,13.322781562805176,29.850000381469727,7.2814285537144308
2020-04-15,10447.2099609375,10366.76953125,10461.83984375,10366.76953125,1647.9100341796875,255.67671203613281,55216434,44.673206329345703,31.722715377807617,13.565013885498047,30.020999908447266,4.9086021517517731
2020-04-16,10375.48046875,10385.7802734375,10425.2900390625,10317.1298828125,1690.8699951171875,254.78742980957031,47815280,47.138065338134766,31.808868408203125,13.403526306152344,29.905000686645508,10.654114871966215
2020-04-17,10597.0400390625,10554.5498046875,10710.150390625,10552.580078125,1705.6400146484375,272.57363891601562,116368201,48.298526763916016,32.868595123291016,13.484270095825195,29.937000274658203,6.0933856074357751
2020-04-20,10586.7099609375,10612.4501953125,10637.6396484375,10542.9599609375,1667.5699462890625,270.35037231445312,41381669,47.308990478515625,32.739360809326172,13.427749633789062,30.034999847412109,5.1173341940668138
2020-04-21,10288.419921875,10544.7998046875,10544.7998046875,10278.9501953125,1588.699951171875,262.34661865234375,61479357,46.211505889892578,31.920875549316406,13.064400672912598,30.030000686645508,5.7937442253364724
2020-04-22,10307.740234375,10256.1103515625,10310.849609375,10140.08984375,1682.1199951171875,261.457275390625,42192580,47.632843017578125,31.731332778930664,12.919060707092285,30.096000671386719,9.659069405914277
2020-04-23,10366.509765625,10370.1298828125,10462.7001953125,10294.8798828125,1664.6700439453125,262.791259765625,39474478,47.353969573974609,32.119037628173828,12.951360702514648,30.054000854492188,8.3122964826999777
2020-04-24,10347.3603515625,10367.9697265625,10386.9296875,10324.2001953125,1702.56005859375,261.457275390625,26008090,47.434932708740234,32.136264801025391,13.080549240112305,29.854999542236328,8.328972080784558
2020-04-27,10567.26953125,10407.490234375,10578.9599609375,10407.490234375,1725.0400390625,265.0145263671875,38493406,48.136608123779297,32.739360809326172,13.225888252258301,30.079000473022461,9.2695618140368197
2020-04-28,10616.0595703125,10580.25,10620.51953125,10537.7099609375,1713.2099609375,263.68057250976562,37395165,47.461921691894531,32.739360809326172,13.371228218078613,29.913000106811523,7.6854813478183459
2020-04-29,10772.2197265625,10656.400390625,10794.830078125,10656.400390625,1797.760009765625,265.90377807617188,44059301,49.009208679199219,33.178752899169922,13.65383243560791,29.805000305175781,9.8682756753845524
2020-04-30,10992.1396484375,10826.259765625,11012.7802734375,10826.259765625,1731.239990234375,270.7950439453125,55126085,47.794761657714844,33.600925445556641,13.944513320922852,29.629999160766602,4.5926636746812965
2020-05-04,10720.48046875,10781.509765625,10781.509765625,10658.5,1661.300048828125,262.34661865234375,71581861,46.913181304931641,32.791053771972656,13.605386734008789,29.892999649047852,6.9101419707976897
2020-05-05,10774.6103515625,10756.9501953125,10833.5302734375,10735.009765625,1689.5,262.791259765625,23547405,46.517364501953125,32.946136474609375,13.669981956481934,29.610000610351562,4.8268646775557089
2020-05-06,10774.98046875,10771.08984375,10828.73046875,10708.099609375,1707.75,263.23583984375,34240479,46.895198822021484,32.903049468994141,13.573088645935059,29.625,5.5532761744769621
2020-05-07,10842.919921875,10778.5302734375,10890.8701171875,10775.16015625,1724.9300537109375,264.56985473632812,27621198,47.075103759765625,33.351066589355469,13.605386734008789,29.996999740600586,6.7477530029076194
2020-05-08,10901.419921875,10883.2197265625,10970.7001953125,10883.2197265625,1775.6099853515625,264.56985473632812,32295893,47.59686279296875,33.514766693115234,13.694206237792969,29.780000686645508,7.1501216999499073
2020-05-11,11013.259765625,10942.1796875,11039.1103515625,10942.1796875,1774.31005859375,267.68243408203125,28727019,47.138065338134766,33.859390258789062,13.904139518737793,29.840000152587891,5.0946717296800115
2020-05-12,10879.4697265625,10974.509765625,10974.509765625,10854.509765625,1725.239990234375,262.34661865234375,52089788,45.968605041503906,33.368297576904297,13.766875267028809,29.892000198364258,4.7540508109298774
2020-05-13,10938.26953125,10861.009765625,10938.26953125,10828.9296875,1691.5699462890625,264.12521362304688,26156418,45.806682586669922,33.488914489746094,13.718428611755371,29.788000106811523,3.3214093472932582
2020-05-14,10780.8798828125,10894.169921875,10894.169921875,10777.4599609375,1739.050048828125,260.56793212890625,34315948,46.868198394775391,33.127063751220703,13.65383243560791,29.892000198364258,7.5331246072534164
2020-05-15,10814.919921875,10833.16015625,10904.009765625,10730.5498046875,1700.8900146484375,265.0145263671875,42494804,44.799152374267578,33.256298065185547,13.621537208557129,29.875999450683594,1.0072519474105146
2020-05-18,10740.5498046875,10753.2099609375,10812.8701171875,10730.7001953125,1782.5400390625,257.90011596679688,84986065,46.661289215087891,32.756587982177734,13.629609107971191,29.954000473022461,8.3902016857197115
2020-05-19,10860.4404296875,10812.7900390625,10924.7900390625,10812.7900390625,1775.6099853515625,259.23394775390625,51250214,45.707752227783203,32.997825622558594,13.807246208190918,29.940000534057617,5.5795460407465969
2020-05-20,10907.7998046875,10892.759765625,10933.98046875,10860.150390625,1840.7900390625,261.457275390625,32677994,46.634307861328125,33.127063751220703,13.766875267028809,29.844999313354492,6.4648810418993063
2020-05-21,11008.3095703125,10933.2099609375,11021.66015625,10933.2099609375,1790.9599609375,264.56985473632812,30997468,45.653770446777344,33.428607940673828,13.855692863464355,29.879999160766602,3.1209412723942176
2020-05-22,10811.150390625,10977.5498046875,10977.5498046875,10804.5595703125,1802.31005859375,259.67864990234375,40192923,44.799152374267578,32.851364135742188,13.645758628845215,29.875999450683594,3.0827487918658303
2020-05-25,10871.1796875,10812.9404296875,10874.5400390625,10719.25,1802.31005859375,259.67864990234375,26803223,44.799152374267578,32.963359832763672,13.678056716918945,30.068000793457031,3.7452212295657317
2020-05-26,10997.2099609375,10903.3203125,11046.2197265625,10903.3203125,1820.510009765625,262.791259765625,33856481,45.716739654541016,33.471683502197266,13.912215232849121,30.038000106811523,4.5118039200333637
2020-05-27,11014.66015625,11023.9296875,11069.7197265625,10972.25,1847.31005859375,263.68057250976562,23375959,46.544349670410156,33.333835601806641,13.912215232849121,29.975000381469727,5.8225022682802052
2020-05-28,10944.1904296875,11040.6201171875,11087.5302734375,10915.2998046875,1804.6600341796875,261.457275390625,28444568,45.230953216552734,33.342449188232422,13.799173355102539,30.024999618530273,3.883844964250871
2020-05-29,10942.16015625,10921.16015625,10965.0302734375,10861.900390625,1852.489990234375,259.67864990234375,79774181,45.27593994140625,33.230449676513672,13.928363800048828,29.909999847412109,4.298397827327749
2020-06-01,11079.01953125,10971.400390625,11109.2900390625,10971.400390625,1843.239990234375,262.791259765625,35811214,45.905651092529297,33.644001007080078,14.033329963684082,29.944000244140625,4.6152622235679841
2020-06-02,11127.9296875,11109.26953125,11170.490234375,11102.9697265625,1883.4100341796875,263.68057250976562,24771587,46.787239074707031,33.859390258789062,14.130223274230957,29.833000183105469,5.8708041018865398
2020-06-03,11320.16015625,11182.51953125,11330.51953125,11182.51953125,1937.469970703125,267.68243408203125,65176337,47.731784820556641,34.393550872802734,14.364382743835449,29.871099472045898,6.5292832712512849
2020-06-04,11393.23046875,11373.9404296875,11425.419921875,11341.580078125,1953.469970703125,272.12899780273438,46572451,48.82928466796875,34.652027130126953,14.388603210449219,29.857999801635742,7.151004391460436
2020-06-05,11479.400390625,11418.009765625,11482.3603515625,11411.9404296875,2003.760009765625,277.02023315429688,42981262,49.656894683837891,35.108657836914062,14.437050819396973,29.845199584960938,6.9972337928876582
2020-06-08,11610.3203125,11539,11631.8896484375,11528.4404296875,1998.6199951171875,282.80072021484375,50302921,49.989749908447266,35.496360778808594,14.550091743469238,29.71299934387207,5.0453764828890968
2020-06-09,11637.1103515625,11600.6103515625,11640.4501953125,11537.3798828125,1998.0899658203125,283.68997192382812,36417082,50.925315856933594,35.470512390136719,14.598539352416992,29.649999618530273,6.4496982739339348
2020-06-10,11720.16015625,11635.990234375,11740.900390625,11621.01953125,2004.6600341796875,286.8026123046875,39984259,51.770919799804688,35.849597930908203,14.695432662963867,29.594999313354492,6.844238524525359
2020-06-11,11535.76953125,11738.490234375,11771.1201171875,11516.58984375,1876.6600341796875,285.02407836914062,50104255,49.512973785400391,35.367118835449219,14.45319938659668,29.552999496459961,2.6760193539212773
2020-06-12,11429.9404296875,11406.5400390625,11442.2998046875,11244.6396484375,1903.8499755859375,281.02206420898438,45992918,50.376567840576172,34.962192535400391,14.227118492126465,29.524999618530273,5.8541898097924649
2020-06-15,11306.259765625,11436.2802734375,11469.83984375,11299.4501953125,1931.010009765625,275.24154663085938,51032404,50.394565582275391,34.643409729003906,14.21904182434082,29.62809944152832,8.4934464771586846
2020-06-16,11511.6396484375,11380.669921875,11542.25,11380.669921875,1965.68994140625,280.13284301757812,36608216,50.196636199951172,35.237892150878906,14.42897891998291,29.479999542236328,5.6496479495985241
2020-06-17,11534.58984375,11525.5,11550.3203125,11482.3203125,1984.0799560546875,280.13284301757812,34522968,50.916313171386719,35.246505737304688,14.45319938659668,29.485000610351562,7.1825430223463771
2020-06-18,11548.330078125,11534.2001953125,11567.419921875,11485.3896484375,1980.1400146484375,281.92559814453125,29044474,50.889125823974609,35.410198211669922,14.38053035736084,29.489999771118164,6.4621530487670942
2020-06-19,11549.8603515625,11557.26953125,11584.8798828125,11542.3701171875,1966.7900390625,281.92559814453125,48130280,50.127834320068359,35.651443481445312,14.38053035736084,29.593999862670898,5.2393348988178046
2020-06-22,11572.9296875,11553.91015625,11632.8798828125,11553.91015625,1983.3599853515625,279.68460083007812,37374616,50.753173828125,35.616973876953125,14.324008941650391,29.583999633789062,7.369649347058993
2020-06-23,11612.3603515625,11618.419921875,11679.400390625,11530.849609375,1987.72998046875,282.37384033203125,41300084,51.441967010498047,35.754829406738281,14.356307029724121,29.434999465942383,7.2474893354540049
2020-06-24,11660.669921875,11647.8603515625,11701.23046875,11637.7900390625,1944.300048828125,284.61492919921875,54147024,51.278835296630859,36.18560791015625,14.38053035736084,29.548000335693359,6.4727733588595182
2020-06-29,11542.6201171875,11608.7998046875,11608.7998046875,11500.650390625,1943.9000244140625,279.68460083007812,56580892,51.106636047363281,35.780673980712891,14.267489433288574,29.521999359130859,7.8908221732410189
2020-06-30,11621.240234375,11563.599609375,11638,11563.599609375,1996.43994140625,280.58102416992188,48991860,51.451038360595703,35.978828430175781,14.372454643249512,29.411500930786133,7.865616864819569
2020-07-01,11703.419921875,11622.6396484375,11736.3896484375,11622.6396484375,1966.97998046875,284.61492919921875,29532342,51.496356964111328,36.452690124511719,14.445125579833984,29.395999908447266,6.37438512881352
2020-07-02,11805.1396484375,11694.099609375,11805.2099609375,11690.9501953125,1993.6099853515625,288.64886474609375,34526178,53.127704620361328,36.883468627929688,14.517794609069824,29.427700042724609,8.3271993397039843
2020-07-03,11909.16015625,11857.900390625,11933.58984375,11857.900390625,1993.6099853515625,295.3720703125,53341987,53.127704620361328,37.43487548828125,14.582391738891602,29.432100296020508,5.8773044607429492
2020-07-06,12116.7001953125,11941.83984375,12116.7001953125,11941.83984375,2046.81005859375,302.99160766601562,57256220,56.082260131835938,38.253360748291016,14.792325973510742,29.451000213623047,9.0247131163970096
2020-07-07,12092.9697265625,12176.7900390625,12249.9501953125,12028.5703125,2019.77001953125,303.43984985351562,59046323,55.021892547607422,38.339515686035156,14.735804557800293,29.40410041809082,6.6352527160998598
2020-07-08,12170.1904296875,12086.1298828125,12190.26953125,12083.83984375,2049.760009765625,305.68087768554688,30720218,56.725753784179688,38.770298004150391,14.776177406311035,29.479000091552734,9.4094281368452428
2020-07-09,12192.6904296875,12222.900390625,12273.4296875,12181.33984375,2076.719970703125,309.26663208007812,35522376,58.710556030273438,38.916755676269531,14.760028839111328,29.340200424194336,11.397693915979158
2020-07-10,12073.6796875,12250.4404296875,12253.580078125,12030.2001953125,2069.7900390625,312.404052734375,60902108,57.867683410644531,38.666908264160156,14.566243171691895,29.329999923706055,8.6579469865177181
2020-07-13,12211.5595703125,12109.6103515625,12216.240234375,12109.6103515625,2034.1400146484375,317.78268432617188,48069523,58.973384857177734,38.985683441162109,14.70350456237793,29.46299934387207,9.3535227092197637
2020-07-14,12209.009765625,12202.8896484375,12228.3095703125,12143.91015625,2069.7900390625,325.8505859375,61764150,60.686302185058594,39.287227630615234,14.695432662963867,29.455999374389648,9.717505896397217
2020-07-15,12202.849609375,12233.990234375,12320.48046875,12162.51953125,2064.169921875,325.40228271484375,73438362,59.870620727539062,39.373390197753906,14.695432662963867,29.387699127197266,8.1405928575680306
2020-07-16,12157.740234375,12173.0400390625,12220.9296875,12107.0400390625,2055.919921875,320.471923828125,68220512,60.350967407226562,38.933990478515625,14.64698600769043,29.476999282836914,11.021608491071655
2020-07-17,12181.5595703125,12195.7197265625,12266.9296875,12144.6201171875,2068.989990234375,328.98797607421875,65727485,60.178768157958984,39.381999969482422,14.638912200927734,29.363899230957031,7.4254022970605016
2020-07-20,12174.5400390625,12205.25,12221.330078125,12065.7998046875,2110.469970703125,328.09149169921875,42769238,60.62286376953125,39.218303680419922,14.64698600769043,29.454000473022461,8.8468249448360403
2020-07-21,12397.5498046875,12242.3203125,12450.16015625,12242.3203125,2096.590087890625,343.33071899414062,64219128,61.456676483154297,40.493412017822266,14.735804557800293,29.447000503540039,5.4210813787523016
2020-07-22,12473.26953125,12389.759765625,12486.9501953125,12389.400390625,2105.429931640625,344.2271728515625,43759670,62.10919189453125,40.708808898925781,14.727730751037598,29.402000427246094,6.1005423535452463
2020-07-23,12413.0400390625,12423.01953125,12429.759765625,12347.8603515625,2070.969970703125,341.98611450195312,45209282,61.057895660400391,40.64849853515625,14.64698600769043,29.431699752807617,5.0941881211902906
2020-07-24,12304.0400390625,12467.4296875,12502.83984375,12266.5498046875,2038.7099609375,346.02008056640625,86682734,66.97607421875,40.502033233642578,14.582391738891602,29.426700592041016,13.917370323670131
2020-07-27,12588.2998046875,12618.6904296875,12686.3603515625,12586.91015625,2104.6201171875,380.53237915039062,99333798,75.450035095214844,42.914409637451172,14.412829399108887,29.451000213623047,16.787906704193922
2020-07-28,12586.73046875,12951.7197265625,13031.7001953125,12533.1904296875,2060.39990234375,389.94485473632812,166307746,69.713119506835938,42.776554107666016,14.340157508850098,29.180000305175781,4.3341807835740154
2020-07-29,12540.9697265625,12530.740234375,12660.8701171875,12488.009765625,2106.300048828125,378.29135131835938,85663166,74.924392700195312,42.087303161621094,14.550091743469238,29.312000274658203,16.110707355742715
2020-07-30,12722.919921875,12691.8603515625,12769.4697265625,12616.830078125,2147.550048828125,389.04840087890625,69293949,72.441093444824219,43.052257537841797,14.64698600769043,29.259000778198242,8.960941861594641
2020-07-31,12664.7998046875,12653.4599609375,12733.48046875,12635.7099609375,2136.409912109375,381.42886352539062,49897674,71.498542785644531,43.250415802001953,14.566243171691895,29.159999847412109,9.3203842755752433
2020-08-03,12513.0302734375,12642.73046875,12673.01953125,12506.58984375,2177.27001953125,372.91281127929688,76429571,71.552909851074219,42.302700042724609,14.469348907470703,29.309999465942383,12.477538238871478
2020-08-04,12709.919921875,12577.8798828125,12709.919921875,12577.8798828125,2209.81005859375,381.42886352539062,41223445,72.6767578125,42.733478546142578,14.533945083618164,29.24799919128418,11.457205103916191
2020-08-05,12802.2998046875,12762.33984375,12816.3896484375,12739.990234375,2207.56005859375,384.5662841796875,47223834,73.981819152832031,43.336570739746094,14.533945083618164,29.264999389648438,12.59842484480953
2020-08-06,12913.5,12894.240234375,12971.8701171875,12851.2001953125,2204.93994140625,389.94485473632812,41029627,72.975814819335938,43.939662933349609,14.655057907104492,29.338100433349609,9.8089516181911094
2020-08-07,12828.8701171875,12901.4296875,12912.6298828125,12791.1796875,2178.860107421875,388.15203857421875,36589460,72.53173828125,43.465805053710938,14.598539352416992,29.369100570678711,9.760697069783042
2020-08-10,12894,12786.7998046875,12933.16015625,12786.7998046875,2179.60009765625,390.39303588867188,36067500,72.386734008789062,43.681194305419922,14.70350456237793,29.420999526977539,9.1049210027073446
2020-08-11,12780.1904296875,12856.4599609375,12906.009765625,12780.1904296875,2154.7900390625,384.5662841796875,34545313,70.637542724609375,43.336570739746094,14.70350456237793,29.312999725341797,7.6848572360967982
2020-08-12,12670.349609375,12713.6298828125,12730.9599609375,12625.5400390625,2227.219970703125,375.60208129882812,52143474,71.951705932617188,42.526699066162109,14.687357902526855,29.318000793457031,12.325265308887378
2020-08-13,12763.1298828125,12758.8701171875,12812.7998046875,12717.1298828125,2202.409912109375,384.5662841796875,44352335,70.963836669921875,43.043643951416016,14.735804557800293,29.296199798583984,8.1202811104843953
2020-08-14,12795.4599609375,12709.9697265625,12801.3095703125,12679.1904296875,2200.81005859375,382.77346801757812,23419955,71.06353759765625,42.991947174072266,14.735804557800293,29.338899612426758,8.937853319854705
2020-08-17,12956.1103515625,12813.9404296875,12956.1103515625,12800.6904296875,2227.610107421875,389.94485473632812,34137731,72.6767578125,43.595039367675781,14.776177406311035,29.381999969482422,9.5225886374552982
2020-08-18,12872.1396484375,12974.9599609375,12981.580078125,12840.25,2214.659912109375,388.15203857421875,41643160,71.969825744628906,43.293498992919922,14.816548347473145,29.335699081420898,8.7865032857753498
2020-08-19,12778.6396484375,12904.83984375,12950.1103515625,12778.6396484375,2200.77001953125,383.2216796875,31486800,71.181312561035156,43.035022735595703,14.832698822021484,29.354700088500977,9.0494715141863793
2020-08-20,12362.6396484375,12764.75,12764.75,12144.759765625,2181.0400390625,372.01638793945312,75097235,69.613410949707031,41.35498046875,14.525870323181152,29.416000366210938,10.089135230410996
2020-08-21,12607.83984375,12462.51953125,12638.650390625,12462.51953125,2198.330078125,380.53237915039062,41609467,71.000076293945312,42.199310302734375,14.622762680053711,29.320999145507812,9.4147720619071062
2020-08-24,12647.1298828125,12629.7802734375,12702.9404296875,12567.9501953125,2219.3701171875,383.66986083984375,48375406,71.507598876953125,42.509471893310547,14.582391738891602,29.392000198364258,9.5604098677585228
2020-08-25,12758.25,12706.400390625,12814.5595703125,12698.849609375,2243.06005859375,389.49667358398438,35977899,72.540794372558594,42.836864471435547,14.687357902526855,29.290000915527344,9.1007999649672868
2020-08-26,12833.2900390625,12768.9599609375,12833.2900390625,12734.6904296875,2250.22998046875,396.2198486328125,39243340,74.090591430664062,43.164260864257812,14.687357902526855,29.290000915527344,9.5408772843792899
2020-08-27,12797.3095703125,12888.650390625,12960.6796875,12786.4501953125,2220.14990234375,398.01272583007812,53072712,73.048332214355469,43.164260864257812,14.582391738891602,29.281700134277344,7.4829632519345157
2020-08-28,12728.849609375,12759.2998046875,12799.16015625,12674.5703125,2264.139892578125,389.94485473632812,56842210,72.903312683105469,42.690402984619141,14.590465545654297,29.323200225830078,9.6441411634218266
2020-08-31,12591.4501953125,12763.4404296875,12831.3798828125,12591.4501953125,2260.429931640625,382.32528686523438,81480538,71.824813842773438,42.078693389892578,14.574315071105957,29.331499099731445,10.206127344660176
2020-09-01,12703.2802734375,12617.3896484375,12703.2802734375,12565.830078125,2304.679931640625,389.94485473632812,37429577,73.909317016601562,42.543937683105469,14.517794609069824,29.308000564575195,11.099519767461308
2020-09-02,12699.5,12772.4296875,12802.6103515625,12646.4697265625,2370.179931640625,388.15203857421875,34871407,74.471229553222656,42.604248046875,14.45319938659668,29.303499221801758,12.443960118076646
2020-09-03,12757.9697265625,12774.9697265625,12857.7900390625,12732.3203125,2234.22998046875,390.84130859375,34951617,73.573989868164062,43.035022735595703,14.461275100708008,29.292900085449219,10.284941059602581
2020-09-04,12637.9501953125,12645.919921875,12655.669921875,12559.7802734375,2212.72998046875,384.5662841796875,46119911,71.516677856445312,42.311309814453125,14.388603210449219,29.278999328613281,8.8986137934613296
2020-09-07,12601.400390625,12645.9296875,12725.0498046875,12575.3603515625,2212.72998046875,381.87698364257812,32019312,71.516677856445312,42.130386352539062,14.372454643249512,29.323999404907227,9.8340622102639728
2020-09-08,12663.5595703125,12637.419921875,12702.5498046875,12614.7197265625,2108.610107421875,386.359130859375,23714670,70.075660705566406,42.569786071777344,14.42897891998291,29.305200576782227,6.3042712597162431
2020-09-09,12608.580078125,12592.1796875,12616.5703125,12480.5,2169.610107421875,382.77346801757812,40551362,71.96075439453125,42.026996612548828,14.340157508850098,29.246999740600586,9.9677141161532479
2020-09-10,12691.75,12665.740234375,12708.6396484375,12650.400390625,2137.780029296875,389.94485473632812,35098921,71.507598876953125,42.38885498046875,14.412829399108887,29.281000137329102,7.3902623462965611
2020-09-11,12675.9501953125,12697.4599609375,12701.7900390625,12616.6796875,2136.3701171875,391.28948974609375,34298469,71.43511962890625,42.500858306884766,14.420903205871582,29.268600463867188,6.8674743532584737
2020-09-14,12787.8203125,12680.41015625,12793.0703125,12680.41015625,2181.75,395.32342529296875,39085833,72.957687377929688,42.991947174072266,14.42897891998291,29.281999588012695,8.080970418572031
2020-09-15,12845.650390625,12787.419921875,12857.73046875,12773.23046875,2219.18994140625,398.90911865234375,39061449,77.806427001953125,43.250415802001953,14.437050819396973,29.12299919128418,13.607656716888084
2020-09-16,12976.759765625,12989.8095703125,13021.6796875,12948.7197265625,2195.5400390625,410.56265258789062,64261238,75.341278076171875,43.939662933349609,14.493573188781738,29.194999694824219,7.1499600159383947
2020-09-17,12872.740234375,12920.150390625,12972.51953125,12851.51953125,2194.14990234375,404.25323486328125,42058506,74.618888854980469,43.4227294921875,14.412829399108887,29.180000305175781,7.7235263335171167
2020-09-18,12875.6201171875,12858.599609375,12927.8095703125,12841.08984375,2160.969970703125,400.19720458984375,52454922,73.088424682617188,43.4227294921875,14.412829399108887,29.122100830078125,6.37198104870349
2020-09-21,12795.1201171875,12874.6103515625,12952.3095703125,12795.08984375,2154.280029296875,396.591796875,39463920,73.4163818359375,43.121177673339844,14.324008941650391,29.004999160766602,7.3870972782150934
2020-09-22,12645.509765625,12786.91015625,12786.91015625,12632.740234375,2180.260009765625,393.88778686523438,36130639,73.316184997558594,42.785175323486328,14.138297080993652,28.968700408935547,7.8416071350309258
2020-09-23,12583.8798828125,12656.2998046875,12700.8896484375,12548.0703125,2126.68994140625,390.73306274414062,45710963,70.984039306640625,42.500858306884766,14.00910758972168,29.033000946044922,5.4878574067989794
2020-09-24,12264.3798828125,12487.48046875,12487.48046875,12264.3798828125,2147.419921875,381.26889038085938,79806381,71.403083801269531,41.647907257080078,13.710354804992676,29.192300796508789,9.3412209972233882
2020-09-25,12232.91015625,12312.9404296875,12385.8095703125,12149.8095703125,2177.840087890625,382.17022705078125,38775269,71.858604431152344,41.130973815917969,13.807246208190918,29.26409912109375,10.049248943575439
2020-09-28,12462.759765625,12282.3603515625,12462.759765625,12282.3603515625,2237.639892578125,388.930419921875,34156973,72.669357299804688,41.880535125732422,13.976808547973633,29.251800537109375,9.3105314478005639
2020-09-29,12467.73046875,12488.099609375,12571.33984375,12429.7197265625,2242.52001953125,388.47964477539062,32230502,73.343490600585938,42.242385864257812,14.114075660705566,29.100000381469727,9.8794046565487079
2020-09-30,12515.6103515625,12483.650390625,12568.6796875,12466.580078125,2244.1201171875,390.28240966796875,27334204,73.853645324707031,42.276851654052734,14.08177661895752,28.889999389648438,9.3378392415521603
2020-10-05,12548.2802734375,12567.8798828125,12637.6201171875,12519.1201171875,2295.56005859375,389.8316650390625,32945832,77.014762878417969,42.294078826904297,14.049479484558105,28.920000076293945,14.268139202926356
2020-10-06,12704.23046875,12644.08984375,12706.3896484375,12644.08984375,2281.090087890625,396.14111328125,35775395,75.721168518066406,42.776554107666016,14.130223274230957,28.7052001953125,9.7382335971220702
2020-10-07,12746.3701171875,12667.509765625,12774.3603515625,12619.8095703125,2328.840087890625,399.2957763671875,42926239,79.182907104492188,43.164260864257812,14.114075660705566,28.806999206542969,14.252244934004633
2020-10-08,12887.1904296875,12832.5400390625,12887.1904296875,12818.009765625,2356.159912109375,408.30929565429688,60853811,79.984580993652344,43.767353057861328,14.114075660705566,28.613000869750977,12.101238443306439
2020-10-12,12955.91015625,12959.150390625,12997.7900390625,12898.8896484375,2433.47998046875,414.61868286132812,64719223,82.817764282226562,43.939662933349609,14.089851379394531,28.60099983215332,14.257796874411088
2020-10-13,12947.1298828125,12988.4404296875,12994.66015625,12857.099609375,2430.1298828125,416.42135620117188,45750738,81.660812377929688,44.02581787109375,14.089851379394531,28.610000610351562,12.209225448356008
2020-10-14,12919.3095703125,12927.08984375,12960,12895.7900390625,2417.199951171875,413.71731567382812,40809241,80.71337890625,43.896583557128906,14.049479484558105,28.835599899291992,12.512510957868628
2020-10-15,12827.8203125,12892.2900390625,12909.1103515625,12786.259765625,2411.1298828125,408.30929565429688,47775028,80.303436279296875,43.551963806152344,13.968734741210938,28.718000411987305,12.961137093748398
2020-10-16,12750.3701171875,12814.16015625,12896.2998046875,12750.3701171875,2399.760009765625,404.70391845703125,46876801,78.982505798339844,43.508884429931641,13.968734741210938,28.732999801635742,12.151339284714279
2020-10-19,12908.33984375,12803.3203125,12911.41015625,12803.3203125,2385.85009765625,412.36529541015625,34470906,79.76593017578125,43.939662933349609,13.976808547973633,28.771999359130859,11.310302658487515
2020-10-20,12862.3701171875,12889.990234375,12917.75,12862.3701171875,2385.820068359375,406.50650024414062,25205638,80.403633117675781,43.939662933349609,13.936436653137207,28.713300704956055,13.585081374701335
2020-10-21,12877.25,12889.8798828125,12942.1201171875,12846.419921875,2367.260009765625,408.30929565429688,28058921,79.838813781738281,43.767353057861328,13.968734741210938,28.523000717163086,11.544976663085492
2020-10-22,12917.0302734375,12854.9697265625,12917.0302734375,12827.400390625,2370.449951171875,410.11196899414062,23438547,80.358062744140625,43.724277496337891,13.968734741210938,28.676000595092773,12.376522963873882
2020-10-23,12898.8203125,12945.1201171875,12963.259765625,12875.23046875,2360.22998046875,407.40789794921875,18777385,80.44915771484375,43.595039367675781,14.00910758972168,28.680999755859375,13.270375188756244
2020-10-26,12909.0302734375,12923.5498046875,12971.580078125,12894.1796875,2308.449951171875,405.605224609375,15059581,79.009834289550781,43.982746124267578,14.130223274230957,28.583000183105469,11.356460466715813
2020-10-27,12875.009765625,12867.76953125,12884.3203125,12821.0703125,2300.909912109375,402.90121459960938,20117660,78.991607666015625,43.853515625,14.065628051757812,28.596799850463867,12.132061777785763
2020-10-28,12793.75,12853.759765625,12879.98046875,12761.330078125,2222.97998046875,400.19720458984375,24710230,76.386192321777344,43.595039367675781,14.001032829284668,28.573999404907227,9.0791734131461475
2020-10-29,12662.91015625,12687.6396484375,12699.8203125,12583.3701171875,2283.64990234375,393.88778686523438,41285612,77.333602905273438,43.009178161621094,13.887990951538086,28.583000183105469,12.236350540003738
2020-10-30,12546.33984375,12651.349609375,12656.2900390625,12546.33984375,2246.14990234375,389.38107299804688,47668895,76.404396057128906,42.509471893310547,13.855692863464355,28.3656005859375,11.318024005607864
2020-11-02,12591.3095703125,12565.3203125,12594.33984375,12480.66015625,2260.070068359375,392.5357666015625,33477443,78.08062744140625,42.328544616699219,13.968734741210938,28.583599090576172,13.713222662391278
2020-11-03,12736.009765625,12641.2802734375,12760.1396484375,12641.2802734375,2302.72998046875,397.49310302734375,30328495,79.884361267089844,42.923019409179688,14.138297080993652,28.558300018310547,14.787478749271376
2020-11-04,12867.900390625,12766.8603515625,12885.2802734375,12736.01953125,2384.219970703125,405.605224609375,37512790,81.487716674804688,43.508884429931641,14.130223274230957,28.594600677490234,14.895399618215134
2020-11-05,12918.7998046875,12878.009765625,12918.7998046875,12840.400390625,2489.159912109375,406.50650024414062,34886108,82.380485534667969,43.681194305419922,14.194819450378418,28.551700592041016,15.722772265642693
2020-11-06,12973.5302734375,12952.490234375,12999.16015625,12927.2998046875,2529.27001953125,407.85861206054688,30154140,83.27325439453125,44.198135375976562,14.364382743835449,28.531299591064453,16.5057742461298
2020-11-09,13127.4697265625,13053.98046875,13149.900390625,13048.669921875,2497.590087890625,413.2667236328125,39245881,81.105087280273438,44.542762756347656,14.477424621582031,28.575000762939453,12.158942318871645
2020-11-10,13081.7197265625,13090.650390625,13142.2197265625,13022.919921875,2422.330078125,406.50650024414062,34820499,79.857040405273438,43.767353057861328,14.695432662963867,28.625400543212891,12.467562827339451
2020-11-11,13262.1904296875,13067.0400390625,13262.1904296875,13067.0400390625,2511.239990234375,411.91464233398438,36765561,82.790412902832031,44.155055999755859,14.978036880493164,28.587099075317383,14.913989108487202
2020-11-12,13221.7802734375,13324.8603515625,13324.8603515625,13193.740234375,2478.429931640625,412.81597900390625,40100880,81.824752807617188,44.628917694091797,14.832698822021484,28.508699417114258,13.014873518254056
2020-11-13,13273.330078125,13221.7998046875,13273.330078125,13170.1201171875,2508.820068359375,416.42135620117188,31037438,84.922111511230469,44.801227569580078,14.82462215423584,28.431999206542969,15.964533093678224
2020-11-16,13551.830078125,13356.740234375,13551.830078125,13356.740234375,2570.97998046875,436.25091552734375,81994937,90.433578491210938,45.878181457519531,14.929591178894043,28.479999542236328,18.076463904683671
2020-11-17,13593.009765625,13723.76953125,13780.1201171875,13593.009765625,2548.9599609375,437.60299682617188,72413868,87.190498352050781,46.481273651123047,14.96189022064209,28.515100479125977,13.630200860868523
2020-11-18,13773.2900390625,13628.419921875,13773.2900390625,13608.7197265625,2530.590087890625,447.96847534179688,50387727,88.301872253417969,46.998214721679688,14.99418830871582,28.500999450683594,12.360210645125424
2020-11-19,13722.4296875,13775.259765625,13785.919921875,13700.0400390625,2570.219970703125,441.6590576171875,44220053,88.0103759765625,46.567432403564453,14.99418830871582,28.530000686645508,13.704725114893336
2020-11-20,13716.4404296875,13702.58984375,13726.2197265625,13666.0703125,2555.5,439.8563232421875,32281453,86.84429931640625,47.008827209472656,14.902146339416504,28.48699951171875,12.488254982291537
2020-11-23,13878.009765625,13793.5498046875,13921.16015625,13793.5498046875,2595.25,447.51779174804688,38084006,89.395057678222656,48.024044036865234,15.019289016723633,28.526300430297852,13.966877712361425
2020-11-24,13807.1298828125,13918.83984375,13951.169921875,13798.3203125,2609.010009765625,443.4617919921875,35479226,88.037681579589844,47.406082153320312,14.952349662780762,28.517900466918945,13.229589829884469
2020-11-25,13738.830078125,13860.9501953125,13893.2001953125,13731.8095703125,2600.239990234375,438.95498657226562,41419632,88.812049865722656,46.964691162109375,14.918881416320801,28.467399597167969,15.193957918730995
2020-11-26,13845.66015625,13763.7900390625,13856.759765625,13763.7900390625,2600.239990234375,440.75765991210938,28893033,88.812049865722656,47.229530334472656,14.935615539550781,28.480199813842773,14.774405806452883
2020-11-27,13867.08984375,13833.2099609375,13885.009765625,13811.8095703125,2631.56005859375,440.75765991210938,32960189,89.950767517089844,47.317802429199219,14.935615539550781,28.509700775146484,16.366416271398364
2020-11-30,13722.8896484375,13917.650390625,13969.3896484375,13722.8896484375,2663.489990234375,433.09628295898438,119895176,88.383872985839844,47.008827209472656,14.826841354370117,28.517999649047852,16.39588507068175
2020-12-01,13885.669921875,13810.5498046875,13885.669921875,13749.7099609375,2709.72998046875,441.6590576171875,37018651,91.882072448730469,47.273662567138672,14.81010627746582,28.516700744628906,18.651413058433029
2020-12-02,13989.1396484375,13970.509765625,13995.7001953125,13894.7001953125,2716.35009765625,449.77117919921875,50621339,90.679573059082031,48.200595855712891,14.801737785339355,28.472999572753906,14.810355326263846
2020-12-03,13977.08984375,13988.490234375,14049.580078125,13940.0703125,2716.14990234375,447.96847534179688,35651379,90.643112182617188,47.847480773925781,14.81010627746582,28.440999984741211,15.096525497055557
2020-12-04,14132.4404296875,14010.169921875,14149.5595703125,14010.169921875,2793.030029296875,453.3765869140625,51172005,94.496597290039062,48.553718566894531,14.877043724060059,28.388299942016602,18.338609659085382
2020-12-07,14256.599609375,14230,14306.8701171875,14142.01953125,2806.610107421875,463.291259765625,44271244,96.919815063476562,49.436511993408203,14.877043724060059,28.215999603271484,18.054869619757376
2020-12-08,14360.400390625,14251.9404296875,14367,14184.580078125,2816.27001953125,472.30471801757812,40771761,96.236564636230469,50.010330200195312,14.684596061706543,28,14.10530985693712
2020-12-09,14390.1396484375,14336.6904296875,14427.41015625,14336.6904296875,2734.77001953125,468.699462890625,43314115,95.12518310546875,50.363445281982422,14.642760276794434,28.225700378417969,14.571281998830443
2020-12-10,14249.490234375,14295.150390625,14319.3798828125,14191.849609375,2733.669921875,461.48867797851562,42556926,94.952079772949219,49.613071441650391,14.692961692810059,28.243000030517578,16.220905079277316
2020-12-11,14261.6904296875,14298.58984375,14353.169921875,14081.419921875,2704.080078125,465.09408569335938,45660960,94.769889831542969,49.657215118408203,14.85194206237793,28.186700820922852,14.869253928750226
2020-12-14,14211.0498046875,14238.919921875,14270.33984375,14182.25,2736.25,457.88320922851562,30260485,94.341720581054688,49.259952545166016,14.902146339416504,28.181999206542969,16.131722717628016
2020-12-15,14068.51953125,14206.330078125,14256.5498046875,14053.349609375,2774.7900390625,454.27786254882812,39852366,95.735527038574219,48.730278015136719,14.768268585205078,28.11199951171875,18.487705927922438
2020-12-16,14304.4599609375,14145.240234375,14339.5,14145.240234375,2773.419921875,461.48867797851562,52012348,95.835739135742188,49.127540588378906,14.868677139282227,28.097999572753906,16.700265284341409
2020-12-17,14258.9296875,14326.16015625,14338.400390625,14213.490234375,2778.139892578125,460.12994384765625,38215179,95.050804138183594,49.259952545166016,14.826841354370117,28.115299224853516,16.157700042784938
2020-12-18,14249.9599609375,14268.1298828125,14329.1201171875,14245.599609375,2764.739990234375,461.94146728515625,39924864,95.398445129394531,49.348236083984375,14.81010627746582,28.128000259399414,16.177813830663034
2020-12-21,14384.9599609375,14273.7900390625,14384.9599609375,14166.8896484375,2747.2900390625,467.37615966796875,34813281,95.901611328125,49.392375946044922,14.835206031799316,28.169000625610352,15.600785090028868
2020-12-22,14177.4599609375,14348.1103515625,14411.9296875,14175.6904296875,2743.969970703125,461.03570556640625,22454277,95.087394714355469,49.127540588378906,14.81010627746582,28.139999389648438,16.076008730730052
2020-12-23,14223.08984375,14180.7001953125,14247.7900390625,14134.8701171875,2723.530029296875,461.03570556640625,18086715,94.922744750976562,49.039253234863281,14.751534461975098,28.130800247192383,15.837135356985277
2020-12-24,14280.2802734375,14256.2900390625,14324.419921875,14256.2900390625,2750.239990234375,461.94146728515625,14950143,96.94451904296875,49.127540588378906,14.81010627746582,28.135000228881836,18.090029089294113
2020-12-25,14331.419921875,14306.98046875,14400.830078125,14296.9697265625,2750.239990234375,462.8472900390625,12327895,96.94451904296875,49.304092407226562,14.801737785339355,28.11400032043457,17.770949429492291
2020-12-28,14483.0703125,14363.4501953125,14483.0703125,14363.4501953125,2744.300048828125,466.47036743164062,19087382,97.109176635742188,50.1868896484375,14.818471908569336,27.938999176025391,16.32606893976407
2020-12-29,14472.0498046875,14500.91015625,14547.0703125,14435.0302734375,2738.050048828125,466.47036743164062,19907528,96.569419860839844,50.142749786376953,14.818471908569336,28.107000350952148,16.375097216336588
2020-12-30,14687.7001953125,14485.9697265625,14695.4404296875,14476.6904296875,2783.77001953125,475.52801513671875,46292401,99.624992370605469,50.407585144042969,15.111327171325684,28.124599456787109,17.844287491796852
2020-12-31,14732.5302734375,14704.5302734375,14760.0595703125,14646.330078125,2795.5,480.05685424804688,29970398,99.753036499023438,50.937263488769531,15.102960586547852,28.069999694824219,16.655670231866893
2021-01-04,14902.0302734375,14720.25,14937.1298828125,14720.25,2783.2099609375,485.49148559570312,38770328,102.18648529052734,51.643501281738281,15.136429786682129,28.054000854492188,18.096396361740009
2021-01-05,15000.0302734375,14913.6396484375,15000.0302734375,14861.990234375,2837.169921875,490.92599487304688,34411866,103.16534423828125,52.305599212646484,15.119693756103516,28.10099983215332,18.105349946835613
2021-01-06,14983.1298828125,15145.849609375,15197.6796875,14837,2827.9599609375,497.26641845703125,53030554,105.76348876953125,52.526294708251953,15.061123847961426,27.954999923706055,18.914859750924972
2021-01-07,15214,15059.51953125,15270.400390625,15049.8603515625,2937,511.75881958007812,51166782,111.08777618408203,53.850486755371094,15.14479923248291,27.829999923706055,20.821476228370894
2021-01-08,15463.9501953125,15365.1298828125,15463.9501953125,15275.3798828125,2936.469970703125,525.34515380859375,59563555,108.58116149902344,54.998123168945312,15.32050895690918,27.926799774169922,15.441223144311866
2021-01-11,15557.2998046875,15425.580078125,15557.2998046875,15395.73046875,2969.919921875,528.96832275390625,48810990,112.15811920166016,54.998123168945312,15.33724308013916,28.017000198364258,18.809914044058694
2021-01-12,15500.7001953125,15549.5302734375,15642.0302734375,15421.23046875,2988.02001953125,535.30865478515625,50232426,112.5240478515625,55.086399078369141,15.228470802307129,28.020700454711914,17.801295032890742
2021-01-13,15769.98046875,15550.16015625,15778.51953125,15550.16015625,2991.949951171875,547.98944091796875,62662393,109.07515716552734,56.631294250488281,15.295409202575684,27.978000640869141,11.378234294731637
2021-01-14,15707.1904296875,15651.2001953125,15760.150390625,15620.9599609375,3055.639892578125,536.21453857421875,75288477,115.68022155761719,56.366455078125,15.303775787353516,28.017999649047852,20.889240176932788
2021-01-15,15616.3896484375,15987.16015625,16041.58984375,15615.1103515625,2992.77001953125,544.36627197265625,92010500,114.56414031982422,56.498870849609375,15.16989803314209,27.986900329589844,17.799185642313976
2021-01-18,15612,15676.4501953125,15676.4501953125,15320.9697265625,2992.77001953125,549.801025390625,45726476,114.56414031982422,56.498870849609375,15.044387817382812,27.9822998046875,16.615574480529951
2021-01-19,15877.3701171875,15716.6396484375,15928.1396484375,15716.6396484375,3093.320068359375,567.9163818359375,50672866,120.11715698242188,57.911338806152344,15.027653694152832,27.982200622558594,18.367509457210108
2021-01-20,15806.1796875,15934.849609375,16004.3203125,15745.48046875,3085.0400390625,586.0316162109375,82066422,119.51337432861328,58.176185607910156,14.81010627746582,27.915000915527344,13.857882800649346
2021-01-21,16153.76953125,15775.73046875,16238.4599609375,15775.73046875,3132.169921875,609.58160400390625,89019137,122.73358154296875,60.294891357421875,14.826841354370117,27.889999389648438,12.307835139356671
2021-01-22,16019.0302734375,15984.8896484375,16138.0400390625,15973.01953125,3074.39990234375,587.84332275390625,125179403,118.14112854003906,59.588649749755859,14.768268585205078,27.958799362182617,12.379744105916334
2021-01-25,15946.5400390625,16006.2099609375,16014.9599609375,15772.6298828125,3079.2099609375,573.35113525390625,93050133,119.40360260009766,58.617580413818359,14.85194206237793,27.95159912109375,16.421558388100465
2021-01-26,15658.849609375,15955.16015625,16023.8701171875,15589.2099609375,3031.77001953125,558.85870361328125,100153482,115.86318206787109,57.469940185546875,14.726432800292969,27.920000076293945,15.768083462223558
2021-01-27,15701.4501953125,15711.759765625,15837.4697265625,15642.1201171875,2875.1298828125,557.04718017578125,59985191,111.37137603759766,57.469940185546875,14.743168830871582,27.917999267578125,11.633847375931872
2021-01-28,15415.8798828125,15519.849609375,15557.01953125,15367.4501953125,2935.1201171875,544.36627197265625,96447533,115.113037109375,56.101612091064453,14.642760276794434,27.933000564575195,18.135626548429904
2021-01-29,15138.3095703125,15544.3603515625,15603.41015625,15138.3095703125,2887.080078125,535.30865478515625,90745237,111.17012786865234,55.792636871337891,14.433578491210938,27.932600021362305,16.017952944364588
2021-02-01,15410.08984375,15176.5595703125,15429.98046875,15089.9599609375,2999.989990234375,553.424072265625,67462398,115.87233734130859,56.763713836669922,14.483780860900879,28.000999450683594,17.253347544525855
2021-02-02,15760.0498046875,15546.6904296875,15838.150390625,15546.6904296875,3047.330078125,572.44525146484375,78429188,117.50074768066406,58.264457702636719,14.692961692810059,27.950300216674805,14.742192898075302
2021-02-03,15771.3203125,15828.6396484375,15896.400390625,15741.16015625,2982.8701171875,570.63372802734375,48738970,116.64080047607422,58.220317840576172,14.642760276794434,27.857999801635742,13.886692528956335
2021-02-04,15706.2197265625,15697.75,15801.3701171875,15606.740234375,3008.419921875,567.9163818359375,46371900,117.23544311523438,57.646511077880859,14.659496307373047,27.86400032043457,15.039767437906558
2021-02-05,15802.400390625,15805.759765625,15938.08984375,15774.33984375,2985.010009765625,572.44525146484375,53267273,116.89694213867188,58.264457702636719,14.684596061706543,27.902900695800781,13.958977204947608
2021-02-17,16362.2900390625,16197.4501953125,16406.779296875,16197.4501953125,3178.239990234375,600.5238037109375,107614290,124.66387176513672,60.559726715087891,15.00255298614502,28.040000915527344,16.417536051916915
2021-02-18,16424.509765625,16366.23046875,16517.73046875,16323.2197265625,3146.7900390625,597.806640625,53109010,123.16352844238281,60.603874206542969,15.102960586547852,27.918699264526367,15.039388232484141
2021-02-19,16341.3798828125,16376.91015625,16382.7001953125,16211.25,3223.4599609375,590.560546875,50279585,125.02068328857422,60.250751495361328,15.044387817382812,27.860799789428711,17.961697410098164
2021-02-22,16410.16015625,16445.869140625,16579.169921875,16410.16015625,3102.010009765625,588.7490234375,36474610,122.19384002685547,60.515590667724609,15.128061294555664,27.907800674438477,15.84431380294995
2021-02-23,16443.400390625,16320.8798828125,16467.75,16211.75,3083.8798828125,580.5970458984375,50076333,118.10454559326172,60.074192047119141,15.295409202575684,27.80940055847168,13.139280999849646
2021-02-24,16212.5302734375,16329.5400390625,16456.939453125,16212.5302734375,3183.739990234375,566.104736328125,66206750,121.031982421875,59.147262573242188,15.312142372131348,27.850200653076172,19.086267242782707
2021-02-25,16452.1796875,16376.7998046875,16474.05078125,16322.26953125,2999.159912109375,575.16253662109375,43231417,115.2685546875,59.632801055908203,15.56316089630127,27.649999618530273,10.826950303877748
2021-02-26,15953.7998046875,16190.0400390625,16190.0400390625,15953.7998046875,3067.6201171875,548.8951416015625,111861175,115.21369171142578,58.176185607910156,15.303775787353516,27.764999389648438,16.558075945548634
2021-03-02,15946.8798828125,16127.8701171875,16262.91015625,15946.8798828125,3070.93994140625,551.61260986328125,54041533,115.2685546875,58.087905883789062,15.287042617797852,27.819000244140625,16.26478052371132
2021-03-03,16211.73046875,15992.3203125,16211.73046875,15884.5498046875,2975.580078125,563.38763427734375,48252965,112.42344665527344,58.838279724121094,15.395813941955566,27.739999771118164,10.70979179320668
2021-03-04,15906.41015625,16091.75,16091.75,15840.990234375,2831.6298828125,544.36627197265625,67711962,105.74517059326172,57.293388366699219,15.312142372131348,27.719999313354492,7.6942568691326541
2021-03-05,15855.23046875,15759.580078125,15934.4296875,15636.4296875,2920.75,544.36627197265625,79918467,110.51144409179688,57.07269287109375,15.228470802307129,27.812999725341797,12.925980995628716
2021-03-08,15820.1103515625,15943.3701171875,16074.9697265625,15816.5,2762.75,541.64910888671875,43219772,104.22657775878906,56.763713836669922,15.32050895690918,27.927499771118164,7.4787229867584681
2021-03-09,15853.08984375,15715.0703125,15864.259765625,15657.919921875,2932.2099609375,538.9317626953125,68768861,106.4678955078125,56.498870849609375,15.688671112060547,28.283000946044922,11.748158034370149
2021-03-10,15911.669921875,15921.4501953125,15986.0703125,15857.3203125,2879.320068359375,540.743408203125,40146301,104.13508605957031,56.454734802246094,15.797443389892578,28.25200080871582,8.8140693326964836
2021-03-11,16179.5595703125,15947.2099609375,16216.2197265625,15947.2099609375,2997.1298828125,551.61260986328125,54416046,110.31017303466797,57.911338806152344,16.090299606323242,28.201999664306641,12.79537150770993
2021-03-12,16255.1796875,16241.5498046875,16298.0302734375,16166.349609375,2965.090087890625,556.141357421875,33168846,108.22437286376953,58.441020965576172,16.023361206054688,28.000999450683594,8.9791494434825267
2021-03-15,16249.330078125,16256.580078125,16281.91015625,16194.91015625,3032.050048828125,553.424072265625,27416758,108.93794250488281,57.778923034667969,16.2325439453125,28.145700454711914,10.80597507596015
2021-03-16,16313.16015625,16253.9296875,16340.66015625,16244.990234375,3070.320068359375,555.2357177734375,36949425,109.1849365234375,58.176185607910156,16.215810775756836,28.176700592041016,10.816763659186934
2021-03-17,16215.8203125,16312.98046875,16349.2099609375,16166.349609375,3107.919921875,549.3240966796875,39517807,109.05453491210938,57.823062896728516,16.148872375488281,28.236499786376953,12.112990140491654
2021-03-18,16287.83984375,16264.6103515625,16410.01953125,16264.6103515625,2976.219970703125,547.5050048828125,29415526,105.14267730712891,58.264457702636719,16.098669052124023,28.217599868774414,8.3779680888673482
2021-03-19,16070.240234375,16186.4599609375,16186.4599609375,16022.169921875,3011.3701171875,537.50067138671875,70866028,104.34377288818359,57.646511077880859,15.939689636230469,28.404699325561523,10.282783005162521
2021-03-22,16189.2197265625,16065.5,16235.6298828125,15983.76953125,3077.550048828125,539.31982421875,34089033,107.60366058349609,57.823062896728516,15.989894866943359,28.386100769042969,13.270390416878941
2021-03-23,16177.58984375,16250.2001953125,16351.3798828125,16166.2900390625,2994.2099609375,540.229248046875,29374037,105.50080871582031,58.308605194091797,16.065200805664062,28.308599472045898,10.567139735979069
2021-03-24,16032.1201171875,15994.9599609375,16125.5400390625,15967.9501953125,2953.969970703125,523.85882568359375,107253959,100.05543518066406,57.1168212890625,16.023361206054688,28.402999877929688,8.4977239627178172
2021-03-25,16060.1396484375,16010.5400390625,16146.580078125,15944.9599609375,2959.8798828125,522.94927978515625,67833354,101.42366027832031,57.205108642578125,16.157241821289062,28.48069953918457,10.474071050940271
2021-03-26,16305.8798828125,16140.3701171875,16325.6201171875,16140.3701171875,3106.280029296875,536.59124755859375,36829858,107.03433990478516,58.485160827636719,16.207443237304688,28.503299713134766,13.711577808413367
2021-03-29,16475.970703125,16411.669921875,16520.890625,16411.669921875,3054.6298828125,544.77667236328125,37884733,105.04167938232422,58.838279724121094,16.332952499389648,28.585500717163086,10.234859664223329
2021-03-30,16554.900390625,16490.310546875,16556.189453125,16438.400390625,3044.550048828125,542.95782470703125,33099123,105.66611480712891,58.882411956787109,16.44172477722168,28.527500152587891,11.035884155836273
2021-03-31,16431.130859375,16529.23046875,16550.19921875,16427.19921875,3124.93994140625,533.86297607421875,38790886,108.61377716064453,58.441020965576172,16.483564376831055,28.441099166870117,15.726144930671172
2021-04-01,16571.279296875,16538.279296875,16602.470703125,16496.16015625,3240.169921875,547.5050048828125,43091157,114.60092926025391,58.970699310302734,16.433361053466797,28.374399185180664,18.783663521727757
2021-04-07,16815.359375,16771.349609375,16816.33984375,16715.3203125,3266.4599609375,554.78076171875,24603109,110.09218597412109,59.721073150634766,16.483564376831055,28.431800842285156,12.841660053629123
2021-04-08,16926.439453125,16786.560546875,16926.720703125,16735.779296875,3301.260009765625,557.50933837890625,23976625,113.34290313720703,60.118335723876953,16.4166259765625,28.350400924682617,15.274006180803546
2021-04-09,16854.099609375,16974.279296875,17016.130859375,16815.58984375,3294.530029296875,554.78076171875,27303862,112.76437377929688,59.897628784179688,16.358055114746094,28.370700836181641,15.332200906189897
2021-04-12,16859.69921875,16908.55078125,16979.349609375,16793.5390625,3258.330078125,550.2335205078125,22606128,111.0196533203125,59.588649749755859,16.617443084716797,28.5,15.007901252863821
2021-04-13,16824.91015625,16872.400390625,17041.369140625,16802.220703125,3252.699951171875,550.2335205078125,25971622,111.35939788818359,59.500373840332031,16.542133331298828,28.393600463867188,14.929175838497688
2021-04-14,16865.970703125,16869.779296875,16935.390625,16559.5703125,3213.8798828125,556.59991455078125,30077913,110.96454620361328,59.23553466796875,16.58397102355957,28.413700103759766,13.291908803971154
2021-04-15,17076.73046875,16851.060546875,17076.73046875,16851.060546875,3271.330078125,562.966064453125,33530942,108.67803955078125,59.588649749755859,16.910293579101562,28.333700180053711,9.3938403473428735
2021-04-16,17158.810546875,17028.349609375,17158.810546875,16998.91015625,3253.080078125,554.78076171875,48507383,109.12799072265625,59.941776275634766,17.052539825439453,28.24530029296875,11.119673969240985
2021-04-19,17263.279296875,17141.25,17294.150390625,17135.51953125,3171,548.41455078125,24231637,105.96913909912109,59.676929473876953,17.445802688598633,28.254999160766602,9.1932346451225619
2021-04-20,17323.869140625,17231.580078125,17323.869140625,17175.01953125,3121.429931640625,547.5050048828125,34771635,105.55591583251953,59.676929473876953,17.337026596069336,28.12700080871582,8.4545822780740529
2021-04-21,17202.109375,17282.759765625,17282.759765625,17167.390625,3207.25,538.410400390625,38458220,107.80567932128906,59.588649749755859,17.311925888061523,28.025999069213867,12.232671067363166
2021-04-22,17096.970703125,17302.73046875,17428.150390625,17066.169921875,3133.169921875,537.50067138671875,33868521,105.89566802978516,58.970699310302734,17.203151702880859,27.979999542236328,10.249564353247864
2021-04-23,17300.26953125,17117.490234375,17300.26953125,17055.48046875,3196.97998046875,547.5050048828125,27754511,108.94435119628906,59.765209197998047,17.320295333862305,28.086299896240234,11.774091283611909
2021-04-26,17572.2890625,17378.359375,17572.2890625,17378.359375,3250.260009765625,554.78076171875,30887664,111.58898162841797,60.559726715087891,17.654987335205078,28.031999588012695,12.767511163999657
2021-04-27,17595.900390625,17586.01953125,17630.189453125,17489.7109375,3225.610107421875,554.78076171875,26317481,111.35939788818359,60.736289978027344,17.663352966308594,27.808000564575195,11.636250318112062
2021-04-28,17567.529296875,17610.720703125,17628.810546875,17497.740234375,3178.489990234375,547.5050048828125,24024054,109.88098907470703,60.383174896240234,17.621515274047852,27.897199630737305,11.976031652754514
2021-04-29,17566.66015625,17646.9296875,17709.23046875,17548.30078125,3202.5,545.68609619140625,31828333,109.36676788330078,60.559726715087891,17.613147735595703,27.783000946044922,11.365748065599091
2021-05-03,17222.349609375,17505.51953125,17546.939453125,17222.349609375,3073.3798828125,534.77239990234375,41762441,106.46500396728516,59.367954254150391,17.621515274047852,27.846500396728516,10.876244763345944
2021-05-04,16933.779296875,17249.560546875,17328.55078125,16647.609375,3024.31005859375,537.50067138671875,40273595,105.93239593505859,58.441020965576172,17.23661994934082,27.923999786376953,10.067070012373058
2021-05-05,16843.439453125,16968.75,17052.19921875,16843.439453125,3042.8798828125,532.04400634765625,29254785,105.95075988769531,57.823062896728516,17.571311950683594,27.893199920654297,11.092529641678727
2021-05-06,16994.359375,16925.51953125,17088.73046875,16764.7109375,3066.219970703125,533.86297607421875,30725590,107.4383544921875,57.425811767578125,17.621515274047852,27.885000228881836,12.235486402744566
2021-05-07,17285,17032.23046875,17285,17032.23046875,3112.030029296875,544.77667236328125,28075722,107.28227233886719,59.23553466796875,17.81396484375,27.947999954223633,10.075379307587218
2021-05-10,17235.609375,17274.23046875,17304.470703125,17188.150390625,2967.110107421875,535.68194580078125,20434079,103.13166046142578,58.264457702636719,18.399673461914062,27.752799987792969,6.8616318930176501
2021-05-11,16583.130859375,17137.189453125,17137.189453125,16460.869140625,2976.010009765625,519.31134033203125,59349193,103.62753295898438,55.704357147216797,18.257427215576172,27.731300354003906,10.674503645256994
2021-05-12,15902.3701171875,16515.880859375,16552.630859375,15165.26953125,2851.14990234375,509.30715942382812,131741482,99.366722106933594,53.76220703125,17.362129211425781,27.916999816894531,8.9331147829488486
2021-05-13,15670.099609375,15668.330078125,16031.9296875,15368.5400390625,2893.93994140625,497.48382568359375,66765627,99.862571716308594,52.967689514160156,16.968870162963867,28.02400016784668,12.508129191695438
2021-05-14,15827.08984375,15819.240234375,16075.48046875,15702.099609375,2981.419921875,506.5787353515625,37533726,103.26940155029297,53.938770294189453,17.052539825439453,27.937000274658203,13.902818975302033
2021-05-17,15353.8896484375,15554.990234375,15719.740234375,15159.8603515625,2954.6298828125,499.30276489257812,56270958,100.8267822265625,52.967689514160156,16.500299453735352,27.95989990234375,12.921735538020208
2021-05-18,16145.98046875,15564.9599609375,16153.76953125,15564.9599609375,2929.14990234375,520.22064208984375,43689316,101.78178405761719,55.527801513671875,17.203151702880859,28.05419921875,9.7767453179625097
2021-05-19,16132.66015625,16112.2099609375,16273.98046875,16009.759765625,2987.280029296875,515.6734619140625,28908777,103.21431732177734,54.953983306884766,17.303560256958008,27.965499877929688,11.94836235120389
2021-05-20,16042.3603515625,16122.51953125,16154.080078125,15943.4501953125,3066.110107421875,515.6734619140625,29709287,104.02236938476562,54.380161285400391,17.286823272705078,27.890899658203125,12.523822961536823
2021-05-21,16302.0595703125,16136.8603515625,16431.140625,16136.8603515625,3052.10009765625,521.1302490234375,27376731,102.70925903320312,55.174678802490234,17.403964996337891,27.95050048828125,10.174959144597207
2021-05-24,16338.2900390625,16246.51953125,16397.58984375,16136.9697265625,3122.97998046875,516.5828857421875,15629736,104.34377288818359,55.395378112792969,17.420700073242188,27.948999404907227,12.907497590350525
2021-05-25,16595.669921875,16444.75,16657.599609375,16444.75,3134.669921875,530.2249755859375,33039911,104.940673828125,56.763713836669922,17.46253776550293,28.012399673461914,10.882747234881718
2021-05-26,16643.689453125,16645.169921875,16706.2890625,16523.23046875,3140.97998046875,532.04400634765625,18703987,106.52008819580078,56.896125793457031,17.579679489135742,27.820499420166016,11.398381206493324
2021-05-27,16601.609375,16591.69921875,16601.609375,16419.419921875,3159.27001953125,529.31549072265625,62169719,106.30888366699219,56.101612091064453,17.479270935058594,27.667999267578125,11.138032685182075
2021-05-28,16870.859375,16690.0390625,16889.009765625,16690.0390625,3186.56005859375,536.59124755859375,29086873,107.76895904541016,57.381668090820312,17.621515274047852,27.78700065612793,11.614796153678952
2021-05-31,17068.4296875,16948.470703125,17113.330078125,16939.91015625,3186.56005859375,542.95782470703125,30657474,107.76895904541016,58.264457702636719,17.788862228393555,27.620000839233398,9.6430921088074726
2021-06-01,17162.380859375,17098.490234375,17184.30078125,17060.44921875,3174.320068359375,543.8670654296875,17818326,108.82499694824219,58.485160827636719,17.79722785949707,27.516700744628906,10.119000208041506
2021-06-02,17165.0390625,17192.91015625,17274.66015625,17056.419921875,3196.97998046875,541.13873291015625,21872755,109.22901916503906,57.955486297607422,17.889266967773438,27.58180046081543,11.347897606172186
2021-06-03,17246.16015625,17201.30078125,17311.279296875,17198.890625,3139.18994140625,542.04827880859375,21077164,107.27307891845703,58.176185607910156,17.889266967773438,27.544000625610352,9.0209071168176678
2021-06-04,17147.41015625,17225.060546875,17225.060546875,17084.490234375,3214.139892578125,541.13873291015625,15756180,109.74325561523438,57.778923034667969,17.688453674316406,27.623800277709961,12.042461223865942
2021-06-07,17083.91015625,17176.08984375,17189.23046875,16775.849609375,3191.659912109375,538.410400390625,17077625,108.55867767333984,57.955486297607422,17.721923828125,27.535999298095703,11.040636289585827
2021-06-08,17076.2109375,17094.33984375,17181.51953125,17056.529296875,3171.219970703125,535.68194580078125,13396324,106.44662475585938,57.999622344970703,17.79722785949707,27.622800827026367,9.7798399736932051
2021-06-09,16966.220703125,17082.51953125,17082.51953125,16907.4296875,3158.47998046875,532.95343017578125,20023490,107.55774688720703,57.1168212890625,17.596414566040039,27.58690071105957,11.348748918043583
2021-06-10,17159.220703125,17024.5390625,17159.220703125,16978.009765625,3196.2099609375,544.77667236328125,28527745,108.57703399658203,57.955486297607422,17.688453674316406,27.779499053955078,10.732186828218392
2021-06-11,17213.51953125,17200.44921875,17278.55078125,17193.609375,3210.06005859375,547.5050048828125,24227710,108.58620452880859,58.396877288818359,17.696823120117188,27.557500839233398,9.309116656286843
2021-06-15,17371.2890625,17279.69921875,17371.2890625,17279.69921875,3225.97998046875,553.87139892578125,26012250,109.68814849853516,58.617580413818359,17.654987335205078,27.636800765991211,9.4632982430163501
2021-06-16,17307.859375,17357.369140625,17398.220703125,17275.01953125,3201.010009765625,550.2335205078125,25856919,108.37501525878906,59.147262573242188,17.6298828125,27.561199188232422,8.5700987398423365
2021-06-17,17390.609375,17254.83984375,17390.609375,17150.51953125,3231.7099609375,553.42974853515625,22872361,109.80474090576172,59.058975219726562,17.562944412231445,27.677999496459961,9.8305818052904392
2021-06-18,17318.5390625,17384.740234375,17417.5,17318.5390625,3152.81005859375,550.69012451171875,32652017,106.73514556884766,58.794139862060547,17.46253776550293,27.684999465942383,7.3185196735064295
2021-06-21,17062.98046875,17305.490234375,17305.490234375,17023.310546875,3171.989990234375,532.425048828125,44279632,105.21415710449219,57.1168212890625,17.362129211425781,27.781000137329102,9.797783534126614
2021-06-22,17075.55078125,17162.7109375,17270.470703125,17075.55078125,3185.429931640625,527.85894775390625,27823974,105.38931274414062,56.984413146972656,17.395599365234375,27.947500228881836,11.596776168005118
2021-06-23,17336.7109375,17127.58984375,17375.7890625,17127.58984375,3197.219970703125,543.38421630859375,34392376,106.97480010986328,58.264457702636719,17.613147735595703,27.950300216674805,10.050225566044602
2021-06-24,17407.9609375,17358.5703125,17439.630859375,17319.890625,3253.800048828125,538.8177490234375,16524230,108.07173919677734,58.043758392333984,17.713554382324219,28.034700393676758,12.459503603821975
2021-06-25,17502.990234375,17471.0703125,17597.330078125,17471.0703125,3241.47998046875,539.73101806640625,18841696,107.41726684570312,58.529296875,17.780496597290039,27.906099319458008,11.077437348694442
2021-06-28,17590.970703125,17531.8203125,17595.509765625,17481.23046875,3323.139892578125,538.8177490234375,15028407,110.25639343261719,58.396877288818359,17.81396484375,27.865800857543945,14.041629409304557
2021-06-29,17598.189453125,17621.150390625,17713.240234375,17541.140625,3348.8701171875,543.38421630859375,28659610,110.82794952392578,58.661720275878906,17.738656997680664,27.815999984741211,13.466315352659031
2021-06-30,17755.4609375,17648.25,17797.26953125,17648.25,3345.31005859375,543.38421630859375,24883853,110.76340484619141,58.970699310302734,17.788862228393555,27.875900268554688,13.644435529370647
2021-07-01,17713.939453125,17801.189453125,17863.900390625,17644.359375,3295.06005859375,541.55767822265625,18250994,109.15944671630859,58.441020965576172,17.772127151489258,27.818000793457031,12.143090107537358
2021-07-02,17710.150390625,17745.689453125,17795.880859375,17676.98046875,3315.830078125,536.9913330078125,18322419,109.61115264892578,58.396877288818359,17.755390167236328,27.878999710083008,13.813728642685842
2021-07-05,17919.330078125,17783.80078125,17945.51953125,17783.80078125,3315.830078125,539.73101806640625,28836816,109.61115264892578,59.412097930908203,17.805597305297852,27.937999725341797,13.475648057837253
2021-07-06,17913.0703125,17929.220703125,18008.369140625,17895.779296875,3307.919921875,540.6444091796875,12997112,110.66199493408203,59.544506072998047,17.855798721313477,27.968799591064453,14.496075649976969
2021-07-07,17850.689453125,17901.25,17933.619140625,17756.8203125,3261.72998046875,542.470947265625,16966158,109.00275421142578,59.014835357666016,17.855798721313477,27.896900177001953,12.110665781533726
2021-07-08,17866.08984375,17880.900390625,17935.109375,17742.080078125,3222.81005859375,536.9913330078125,21140426,108.65248107910156,59.23553466796875,17.989677429199219,27.881599426269531,12.828821171077088
2021-07-09,17661.48046875,17778.119140625,17778.119140625,17597.4609375,3278.389892578125,533.33831787109375,29029415,111.13211822509766,59.279678344726562,17.855798721313477,27.959999084472656,16.520933137988081
2021-07-12,17814.330078125,17843.30078125,17947.900390625,17759.900390625,3319,541.55767822265625,31304547,113.04022979736328,59.367954254150391,18.106817245483398,27.951000213623047,16.685169992735858
2021-07-13,17847.51953125,17931.470703125,18018.0390625,17786.759765625,3300.81005859375,554.343017578125,52540315,114.21092224121094,60.736289978027344,18.106817245483398,27.959199905395508,15.208306231495584
2021-07-14,17845.75,17892.509765625,17940.859375,17716.439453125,3289.179931640625,559.82269287109375,38418875,114.66260528564453,60.515590667724609,18.307634353637695,28.019199371337891,14.777569357134768
2021-07-15,18034.189453125,17878.779296875,18034.189453125,17878.779296875,3217.739990234375,560.73583984375,22012834,108.33908081054688,60.824569702148438,18.424776077270508,27.96660041809082,8.0678482593905763
2021-07-16,17895.25,17839.580078125,17926.380859375,17779.609375,3145.449951171875,537.9046630859375,57970545,106.68904876708984,59.721073150634766,18.709264755249023,27.87969970703125,10.594268679171769
2021-07-19,17789.25,17854.349609375,17854.349609375,17708.150390625,3147.510009765625,531.5118408203125,40644341,106.32956695556641,58.970699310302734,18.709264755249023,27.972000122070312,11.916628433731846
2021-07-20,17528.740234375,17724.919921875,17724.919921875,17500.689453125,3190.949951171875,530.59857177734375,15354333,107.29743194580078,58.705856323242188,18.416406631469727,28.077299118041992,13.555604993380799
2021-07-21,17458.7890625,17593.599609375,17707.560546875,17352.240234375,3288.75,534.25164794921875,25828732,108.65248107910156,58.264457702636719,18.474979400634766,27.999099731445312,13.885344686551226
2021-07-22,17572.330078125,17482.810546875,17667.380859375,17482.810546875,3259.419921875,539.73101806640625,26058172,107.44492340087891,59.014835357666016,18.684160232543945,27.961599349975586,11.327005480887586
2021-07-23,17572.919921875,17603.94921875,17672.599609375,17511.859375,3280.06005859375,534.25164794921875,15271451,107.65694427490234,58.794139862060547,18.809669494628906,27.995700836181641,12.828163148468995
2021-07-26,17403.560546875,17554.9296875,17637.359375,17403.560546875,3276.919921875,529.685302734375,21619179,106.60608673095703,59.014835357666016,18.784570693969727,28.018299102783203,12.780974242099141
2021-07-27,17269.869140625,17394.76953125,17459.349609375,17264.5,3215.969970703125,529.685302734375,17785992,104.66107940673828,59.191390991210938,18.508449554443359,28.047199249267578,10.837515506306783
2021-07-28,17135.220703125,17252.869140625,17252.869140625,16893.69921875,3272.449951171875,528.7720947265625,36158305,106.07144927978516,58.485160827636719,18.408041000366211,28.023899078369141,12.431636213715169
2021-07-29,17402.810546875,17216.580078125,17402.810546875,17190.48046875,3333.239990234375,532.425048828125,23224896,107.06697082519531,58.529296875,18.433145523071289,27.89900016784668,12.205894279298967
2021-07-30,17247.41015625,17414.76953125,17429.009765625,17237.669921875,3356.530029296875,529.685302734375,18999281,107.51866149902344,59.103115081787109,18.474979400634766,27.844999313354492,13.042859228225634
2021-08-02,17503.279296875,17256.609375,17503.279296875,17231.220703125,3377.489990234375,538.8177490234375,23482491,107.72144317626953,59.147262573242188,18.608854293823242,27.924100875854492,11.65276018462913
2021-08-03,17553.759765625,17489.119140625,17553.759765625,17456.19921875,3396.659912109375,542.470947265625,22747702,109.15026092529297,59.588649749755859,18.617225646972656,27.920900344848633,12.358959434451089
2021-08-04,17623.890625,17588.640625,17636.109375,17557.1796875,3436.89990234375,544.29742431640625,20313271,109.45444488525391,59.853492736816406,18.642326354980469,27.850299835205078,12.010050834935271
2021-08-05,17603.119140625,17624.8203125,17643.970703125,17566.720703125,3424.4599609375,544.29742431640625,15116242,109.89691162109375,60.074192047119141,18.700895309448242,27.714700698852539,11.915282977210184
2021-08-06,17526.279296875,17593.849609375,17593.849609375,17469.6796875,3412.050048828125,539.73101806640625,13687213,108.96587371826172,60.030048370361328,18.709264755249023,27.726400375366211,11.95322636033489
2021-08-09,17485.150390625,17505.009765625,17510.08984375,17350.150390625,3399.760009765625,543.38421630859375,17390951,108.97511291503906,59.500373840332031,18.625589370727539,27.822299957275391,11.594639240617987
2021-08-10,17323.640625,17492.44921875,17524.91015625,17305.060546875,3358.8701171875,539.73101806640625,17190865,107.26056671142578,59.058975219726562,18.617225646972656,27.785600662231445,10.436464597690719
2021-08-11,17227.1796875,17308.619140625,17327.19921875,17090.25,3350.929931640625,538.8177490234375,19969687,106.91948699951172,58.573436737060547,18.717630386352539,27.826200485229492,10.433002120607116
2021-08-12,17219.939453125,17221.349609375,17233.109375,17139.2109375,3312.9599609375,535.164794921875,15444622,106.65216064453125,58.264457702636719,18.725996017456055,27.791500091552734,10.770497627725462
2021-08-13,16982.109375,17216.33984375,17216.33984375,16978.109375,3335.0400390625,530.59857177734375,22524428,106.46781158447266,57.734786987304688,18.784570693969727,27.796499252319336,11.550712818192178
2021-08-16,16858.76953125,16941.330078125,16983.58984375,16773.5703125,3322.639892578125,533.33831787109375,19315705,105.66584777832031,57.646511077880859,18.458244323730469,27.808000564575195,10.187318488751052
2021-08-17,16661.359375,16841.619140625,16870.55078125,16657.630859375,3256.820068359375,533.33831787109375,0,102.42112731933594,57.1168212890625,18.525182723999023,27.789699554443359,6.7334658268325187
2021-08-18,16826.26953125,16630.990234375,16826.26953125,16418.5390625,3208.830078125,524.20562744140625,43716164,101.81272125244141,56.896125793457031,18.575387954711914,27.89940071105957,8.3740333567012613
2021-08-19,16375.400390625,16777.779296875,16777.779296875,16375.400390625,3235.8701171875,510.5072021484375,38868947,101.87722778320312,55.616077423095703,18.391305923461914,27.842199325561523,11.124233732194266
2021-08-20,16341.9404296875,16426.98046875,16507.109375,16248.080078125,3256.5,504.11434936523438,45614061,99.664939880371094,56.057472229003906,18.433145523071289,28.017999649047852,10.784874666104383
2021-08-23,16741.83984375,16459.130859375,16785.2890625,16459.130859375,3342.010009765625,516.89990234375,33685159,102.28284454345703,57.160968780517578,18.659059524536133,27.971000671386719,10.696616517980374
2021-08-24,16818.73046875,16830.630859375,16904.30078125,16779.900390625,3345.389892578125,522.37921142578125,24844800,103.34292602539062,57.469940185546875,18.826406478881836,27.901199340820312,10.394576063934302
2021-08-25,17045.859375,16821.080078125,17045.859375,16821.080078125,3372.550048828125,534.25164794921875,27504657,107.87816619873047,58.043758392333984,18.926815032958984,27.893100738525391,12.645663099745397
2021-08-26,17066.9609375,17177.390625,17201.419921875,16984.689453125,3370.389892578125,542.470947265625,43822008,108.86448669433594,58.573436737060547,19.018852233886719,27.884899139404297,11.920287957767339
2021-08-27,17209.9296875,17061.099609375,17229.890625,17000.259765625,3436.449951171875,547.037109375,27105651,109.22398376464844,58.485160827636719,19.437217712402344,27.916599273681641,11.479171470342253
2021-08-30,17396.51953125,17244.619140625,17396.51953125,17244.619140625,3446.43994140625,552.5166015625,36575609,109.68489837646484,59.191390991210938,19.788642883300781,27.87299919128418,10.666252384000451
2021-08-31,17490.2890625,17384.609375,17490.2890625,17207.5703125,3417.719970703125,560.73583984375,52721470,109.70333862304688,59.500373840332031,19.838848114013672,27.72920036315918,8.4997833572977974
2021-09-01,17473.990234375,17463.80078125,17503.9296875,17415.51953125,3399.949951171875,559.82269287109375,30092045,111.03992462158203,59.853492736816406,19.797012329101562,27.568700790405273,9.3641432069077055
2021-09-02,17319.759765625,17455.919921875,17523.16015625,17319.759765625,3411.320068359375,554.343017578125,24112463,111.34415435791016,60.118335723876953,19.579462051391602,27.671600341796875,11.161170686278465
2021-09-03,17516.919921875,17380.51953125,17540.779296875,17380.51953125,3430.889892578125,566.21533203125,51562454,114.27545166015625,60.42730712890625,19.822113037109375,27.62660026550293,11.513837389366198
2021-09-06,17495.30078125,17534.05078125,17633.669921875,17461.0703125,3430.889892578125,576.26123046875,55589014,114.27545166015625,61.177688598632812,19.830480575561523,27.607000350952148,9.4920937686864058
2021-09-07,17428.869140625,17534.380859375,17559.2109375,17388.369140625,3419.72998046875,568.95513916015625,26526056,114.94837188720703,60.118335723876953,19.763544082641602,27.533100128173828,11.252533456777281
2021-09-08,17270.490234375,17411.529296875,17447.580078125,17167.080078125,3377.679931640625,565.302001953125,37817737,112.35810089111328,60.162471771240234,19.688236236572266,27.59119987487793,9.6792443167561082
2021-09-09,17304.330078125,17175.0390625,17319.08984375,17122.94921875,3390.840087890625,565.302001953125,18735512,113.08633422851562,59.544506072998047,19.721706390380859,27.670700073242188,10.708188756039473
2021-09-10,17474.5703125,17270.279296875,17474.5703125,17270.279296875,3416.659912109375,568.04193115234375,16304725,113.35366821289062,60.20660400390625,19.797012329101562,27.629600524902344,10.270612044466731
2021-09-13,17446.310546875,17452.16015625,17482.5703125,17387.5703125,3449.679931640625,561.649169921875,15198774,113.95281219482422,60.162471771240234,20.07313346862793,27.65049934387207,12.200011237037733
2021-09-14,17434.900390625,17463.779296875,17529.470703125,17424.5390625,3449.389892578125,559.82269287109375,14441901,113.46426391601562,59.632801055908203,20.173540115356445,27.639400482177734,12.038481852409898
2021-09-15,17354,17434.01953125,17439.75,17316.51953125,3465.760009765625,554.343017578125,23433501,111.99861145019531,59.632801055908203,20.181907653808594,27.635599136352539,11.669079675184824
2021-09-16,17278.69921875,17332.33984375,17411.369140625,17254.099609375,3473.60009765625,550.44415283203125,22467022,111.80147552490234,59.279678344726562,20.257213592529297,27.612699508666992,12.16907409812238
2021-09-17,17276.7890625,17279.2890625,17408.7109375,17235.44921875,3421.159912109375,550.44415283203125,40717715,108.98768615722656,59.45623779296875,20.031293869018555,27.693000793457031,9.6640254492857736
2021-09-22,16925.8203125,17196.7890625,17196.7890625,16838.580078125,3412.02001953125,537.60040283203125,40642293,107.24757385253906,58.220317840576172,19.663131713867188,27.718599319458008,10.593389139677555
2021-09-23,17078.220703125,16998.0703125,17145.25,16998.0703125,3457.449951171875,539.43524169921875,21696296,107.54376220703125,58.705856323242188,19.855581283569336,27.703899383544922,10.462993041627588
2021-09-24,17260.189453125,17130.740234375,17273.58984375,17130.740234375,3453.919921875,548.609375,16736973,107.03469848632812,59.014835357666016,19.847211837768555,27.684999465942383,8.027886706504006
2021-09-27,17313.76953125,17278.109375,17335.990234375,17235.6796875,3445.43994140625,552.27886962890625,19464241,107.50673675537109,59.412097930908203,19.939252853393555,27.726999282836914,7.9468861417505199
2021-09-28,17181.439453125,17286.890625,17286.890625,17113.470703125,3314.389892578125,544.9398193359375,16707080,103.572998046875,58.970699310302734,19.905790328979492,27.654199600219727,5.1209054486710759
2021-09-29,16855.4609375,17127.859375,17127.859375,16801.779296875,3263.840087890625,532.095947265625,49310524,103.31385040283203,57.293388366699219,19.70496940612793,27.738100051879883,7.714780912928787
2021-09-30,16934.76953125,16886.5703125,16994.2109375,16767.19921875,3258.090087890625,532.095947265625,30465107,103.34159088134766,57.734786987304688,19.797012329101562,27.812400817871094,8.032311146834914
2021-10-01,16570.890625,16883,16883,16503.740234375,3261.179931640625,526.59136962890625,36704493,103.25830078125,56.631294250488281,19.579462051391602,27.836599349975586,9.168517153348521
2021-10-04,16408.349609375,16600.51953125,16680.2890625,16380.0595703125,3180.06005859375,524.756591796875,20957803,100.90731811523438,56.057472229003906,19.545989990234375,27.753999710083008,6.7383134007215961
2021-10-05,16460.75,16362.26953125,16460.75,16162.169921875,3227.25,524.756591796875,33824024,101.12947082519531,55.925052642822266,19.420480728149414,27.882299423217773,7.467813845057214
2021-10-06,16393.16015625,16488.2109375,16568.2109375,16303.6298828125,3238.7900390625,523.83929443359375,32508846,101.20349884033203,55.616077423095703,19.453950881958008,27.871000289916992,7.6911478574494874
2021-10-07,16713.859375,16465.5703125,16731.580078125,16465.5703125,3274.47998046875,532.095947265625,27933054,102.58261871337891,57.07269287109375,19.679868698120117,27.951000213623047,7.7732996203521809
2021-10-08,16640.4296875,16742.349609375,16771.7109375,16605.490234375,3246.27001953125,527.509033203125,18279079,101.85142517089844,56.896125793457031,19.671503067016602,27.968500137329102,8.0031400251881823
2021-10-12,16462.83984375,16589.720703125,16589.720703125,16349.490234375,3178.14990234375,527.509033203125,26522907,101.07391357421875,55.836772918701172,19.520889282226562,28.042999267578125,7.4641572343136842
2021-10-13,16347.990234375,16480.98046875,16543.330078125,16328.4697265625,3192.75,523.83929443359375,18914374,101.79587554931641,55.836772918701172,19.554361343383789,28.128700256347656,9.3230577043768257
2021-10-14,16387.279296875,16392.509765625,16519.9609375,16347.8798828125,3291.239990234375,525.6741943359375,13916927,104.18388366699219,56.013336181640625,19.562726974487305,27.999500274658203,10.984967905223275
2021-10-15,16781.189453125,16426.759765625,16781.189453125,16426.759765625,3314.409912109375,550.44415283203125,53150216,106.31273651123047,57.205108642578125,19.70496940612793,27.988899230957031,8.1154719827904778
2021-10-18,16705.4609375,16816.939453125,16862.029296875,16695.890625,3338.780029296875,541.26995849609375,19158568,106.75701904296875,57.381668090820312,19.939252853393555,28,10.451226279342718
2021-10-19,16900.669921875,16791.119140625,16916.720703125,16772.150390625,3381.449951171875,550.44415283203125,17386359,108.25646209716797,58.264457702636719,19.905790328979492,27.949199676513672,9.936002039791747
2021-10-20,16887.8203125,16936.19921875,16973.859375,16855.810546875,3374.219970703125,548.609375,16372520,106.9884033203125,58.661720275878906,19.872316360473633,27.826299667358398,8.5322820713086713
2021-10-21,16889.509765625,16904.4609375,17026.890625,16873.990234375,3412.050048828125,546.77459716796875,16169014,107.63631439208984,58.441020965576172,19.997827529907227,27.805999755859375,9.4760198154789421
2021-10-22,16888.740234375,16900.3203125,16932.890625,16800.490234375,3370.280029296875,550.44415283203125,13995403,105.72962188720703,58.176185607910156,19.989458084106445,27.818500518798828,6.8678639309371015
2021-10-25,16894.240234375,16879.33984375,16930.98046875,16784.109375,3392.389892578125,544.0223388671875,16785568,105.18354034423828,58.441020965576172,19.997827529907227,27.836999893188477,7.642425398364372
2021-10-26,17034.33984375,16909.3203125,17067.150390625,16909.3203125,3392.9599609375,549.5267333984375,19998808,105.68332672119141,58.838279724121094,20.131702423095703,27.80620002746582,6.9520932750249065
2021-10-27,17074.55078125,17037.369140625,17079.599609375,16973.16015625,3360.2900390625,549.5267333984375,14961858,105.28532409667969,58.838279724121094,20.282314300537109,27.796300888061523,6.5113804232878492
2021-10-28,17041.630859375,17081.169921875,17104.859375,16994.369140625,3438.830078125,545.85723876953125,16570044,107.37715911865234,59.23553466796875,20.131702423095703,27.762500762939453,9.224839398438478
2021-10-29,16987.41015625,17058.0390625,17073.970703125,16920.6796875,3451.27001953125,541.26995849609375,25763960,105.23905181884766,58.794139862060547,20.064762115478516,27.723300933837891,7.8047601855490312
2021-11-01,17068.240234375,17021.76953125,17119.4296875,17021.76953125,3506.280029296875,541.26995849609375,16089351,105.62781524658203,58.750003814697266,20.031293869018555,27.816699981689453,8.5675345662731708
2021-11-02,17065.970703125,17094.419921875,17237.08984375,17026.630859375,3548.860107421875,543.10491943359375,15192404,105.61854553222656,58.838279724121094,19.997827529907227,27.80109977722168,8.1305514863961434
2021-11-03,17122.16015625,17087.890625,17153.759765625,17080.509765625,3590.169921875,543.10491943359375,10224009,105.52599334716797,59.323814392089844,19.947622299194336,27.858499526977539,8.2588549855832092
2021-11-04,17078.859375,17158.279296875,17219.650390625,17061.4609375,3715.760009765625,538.51788330078125,17932145,109.02470397949219,59.058975219726562,19.955989837646484,27.789499282836914,12.521497502707346
2021-11-05,17296.900390625,17097.16015625,17296.900390625,17097.16015625,3756.550048828125,550.44415283203125,33270827,109.03396606445312,59.853492736816406,19.955989837646484,27.874099731445312,10.428047189121958
2021-11-08,17415.30078125,17323.390625,17415.30078125,17279.4609375,3803.330078125,552.27886962890625,19752355,111.91252899169922,60.42730712890625,20.056398391723633,27.830099105834961,12.78855463423303
2021-11-09,17541.359375,17433.099609375,17581.51953125,17433.099609375,3800.570068359375,560.53558349609375,39538660,112.71778106689453,61.177688598632812,20.123332977294922,27.801200866699219,11.810552798248853
2021-11-10,17559.650390625,17549.08984375,17575.439453125,17489.869140625,3693.02001953125,561.453125,16027674,109.40419769287109,60.824569702148438,20.098234176635742,27.731300354003906,8.0738722830985932
2021-11-11,17452.51953125,17527.1796875,17527.1796875,17403.48046875,3764.489990234375,555.948486328125,18463848,109.39494323730469,60.736289978027344,20.140069961547852,27.759000778198242,9.2437299186390209
2021-11-12,17518.130859375,17479.55078125,17602.05078125,17479.55078125,3794.5,554.11376953125,15821327,109.85774230957031,60.559726715087891,20.290679931640625,27.801700592041016,10.238446591644301
2021-11-15,17634.470703125,17560.51953125,17683.189453125,17560.51953125,3793.75,557.78338623046875,15551452,109.33015441894531,61.530807495117188,20.474760055541992,27.781299591064453,8.9072872814133
2021-11-16,17693.130859375,17639.9609375,17708.099609375,17629.80078125,3859.39990234375,559.6180419921875,20917108,109.29312133789062,61.751502990722656,20.483129501342773,27.752500534057617,8.4009871268938561
2021-11-17,17764.0390625,17705.2890625,17764.0390625,17669.580078125,3831.43994140625,559.6180419921875,19717852,110.2001953125,61.442516326904297,21.010269165039062,27.800699234008789,9.4904829910615227
2021-11-18,17841.369140625,17767.060546875,17841.369140625,17748.2109375,3899.9599609375,562.3704833984375,20030651,114.20797729492188,61.751502990722656,21.135776519775391,27.740699768066406,12.673381793116189
2021-11-19,17818.310546875,17864.189453125,17986.1796875,17786.05078125,3912.02001953125,566.9573974609375,35554348,115.01324462890625,62.203887939453125,20.859832763671875,27.806400299072266,12.81638917382093
2021-11-22,17803.5390625,17828.529296875,17857.73046875,17790.640625,3847.1201171875,564.205322265625,20312168,115.46677398681641,62.113422393798828,20.739101409912109,27.792999267578125,13.75886891525413
2021-11-23,17666.119140625,17797.900390625,17797.900390625,17650.0703125,3834.429931640625,561.453125,19431694,112.32904052734375,61.706260681152344,20.721857070922852,27.769500732421875,11.116003609252999
2021-11-24,17642.51953125,17680.16015625,17722.890625,17588.779296875,3870.010009765625,553.19635009765625,20391940,111.72739410400391,61.072914123535156,20.833959579467773,27.751399993896484,12.097326871682146
2021-11-25,17654.189453125,17686.119140625,17724.5,17609.509765625,3870.010009765625,553.19635009765625,11888265,111.72739410400391,61.253864288330078,20.816713333129883,27.7677001953125,12.163168919528644
2021-11-26,17369.390625,17641.7890625,17641.7890625,17330.439453125,3757.1298828125,546.77459716796875,26588102,108.37678527832031,60.349086761474609,20.506275177001953,27.764699935913086,10.065425089493285
2021-11-29,17328.08984375,17320.009765625,17415.630859375,17167.240234375,3910.5400390625,544.0223388671875,23379558,110.40382385253906,60.530040740966797,20.351055145263672,27.853900909423828,13.053341743779058
2021-11-30,17427.759765625,17369.7890625,17535.23046875,17369.7890625,3833.219970703125,546.77459716796875,62021697,108.43234252929688,60.801479339599609,20.307937622070312,27.745599746704102,10.046091789856003
2021-12-01,17585.990234375,17428.609375,17626.2109375,17374.58984375,3810.75,550.44415283203125,21403404,111.65335845947266,60.801479339599609,20.540769577026367,27.578699111938477,11.882535655923121
2021-12-02,17724.880859375,17575.91015625,17741.55078125,17559.439453125,3810.820068359375,564.205322265625,45125742,112.64373779296875,61.887214660644531,20.489028930664062,27.604499816894531,10.224909853523044
2021-12-03,17697.140625,17720.9296875,17781.140625,17670.3203125,3804.5400390625,557.78338623046875,23045832,110.45011138916016,61.796745300292969,20.67011833190918,27.678699493408203,9.6165829826586844
2021-12-06,17688.2109375,17650.669921875,17763.419921875,17585.94921875,3800.070068359375,550.44415283203125,23589363,110.27424621582031,61.796745300292969,20.721857070922852,27.657199859619141,10.815124523285323
2021-12-07,17796.919921875,17734.189453125,17796.919921875,17642.3203125,3988.75,556.86590576171875,18606530,113.21761322021484,61.299106597900391,20.868453979492188,27.659200668334961,12.469039704069029
2021-12-08,17832.419921875,17845.060546875,17988.880859375,17832.419921875,3964.43994140625,552.27886962890625,20801543,112.736328125,61.796745300292969,20.946065902709961,27.742599487304688,13.261577468744035
2021-12-09,17914.119140625,17880.41015625,17925.119140625,17807.119140625,3879.52001953125,557.78338623046875,11039070,110.60746002197266,61.706260681152344,20.997804641723633,27.630699157714844,9.582376525045234
2021-12-10,17826.259765625,17893.2890625,17893.2890625,17767.80078125,3914.669921875,555.03118896484375,10497451,110.26496887207031,61.525306701660156,20.989181518554688,27.685600280761719,10.002894030379839
2021-12-13,17767.599609375,17841.029296875,17919.349609375,17767.599609375,3814.429931640625,551.36151123046875,17711657,107.75665283203125,61.615779876708984,20.963310241699219,27.63599967956543,8.0221510743891056
2021-12-14,17599.369140625,17754.380859375,17754.380859375,17566.990234375,3794.409912109375,549.5267333984375,22579034,107.63631439208984,60.71099853515625,20.756351470947266,27.745899200439453,8.6923036832270206
2021-12-15,17660.099609375,17592.869140625,17678.779296875,17556.869140625,3934.4599609375,550.44415283203125,21827730,111.44048309326172,60.71099853515625,20.816713333129883,27.784200668334961,12.501322029092709
2021-12-16,17785.740234375,17719.060546875,17814.3203125,17719.060546875,3766.320068359375,557.5867919921875,21809022,108.34181213378906,61.796745300292969,20.825338363647461,27.739700317382812,7.7991603673283061
2021-12-17,17812.58984375,17744.5390625,17822.740234375,17718.26953125,3761.0400390625,559.4300537109375,24105733,108.10945129394531,61.615779876708984,20.946065902709961,27.757699966430664,7.2831068923358
2021-12-20,17669.109375,17812.810546875,17812.810546875,17646.390625,3732.389892578125,551.13531494140625,21381070,106.82687377929688,61.344352722167969,20.833959579467773,27.827199935913086,7.8752420537989254
2021-12-21,17789.26953125,17686.83984375,17825.890625,17652.3203125,3857.300048828125,550.21380615234375,17001461,109.15039825439453,61.706260681152344,20.902948379516602,27.815399169921875,10.359349876484192
2021-12-22,17826.830078125,17805.740234375,17870.16015625,17799.720703125,3891.919921875,552.97857666015625,9831802,112.73794555664062,61.977699279785156,20.877079010009766,27.730199813842773,13.069326329763697
2021-12-23,17946.66015625,17855.779296875,17960.990234375,17855.779296875,3932.389892578125,558.50830078125,16654439,112.16170501708984,62.430088043212891,20.885700225830078,27.711000442504883,11.300514352714263
2021-12-24,17961.640625,17966.349609375,18039.849609375,17953.5703125,3932.389892578125,556.665283203125,11059689,112.16170501708984,62.339611053466797,20.946065902709961,27.624700546264648,11.321241232317703
2021-12-27,18048.939453125,17975.41015625,18099.779296875,17975.41015625,4039.510009765625,558.50830078125,16259872,114.03911590576172,62.882472991943359,21.040920257568359,27.679300308227539,13.034056311247433
2021-12-28,18196.810546875,18099.7109375,18197.359375,18099.7109375,3992.18994140625,566.80316162109375,33892718,113.44428253173828,63.153915405273438,21.161649703979492,27.683700561523438,10.816514821240887
2021-12-29,18248.279296875,18209.140625,18283.25,18192.859375,3999.35009765625,567.72479248046875,24518766,112.84016418457031,63.334873199462891,21.351362228393555,27.534999847412109,9.4563402816688402
2021-12-30,18218.83984375,18270,18291.25,18216.44921875,3952.0400390625,566.80316162109375,19681276,111.92005157470703,63.289634704589844,21.334115982055664,27.617399215698242,9.065755234671947
2022-01-03,18270.509765625,18260.23046875,18379.689453125,18238.470703125,4027.219970703125,581.5491943359375,69089158,119.70854949951172,63.742023468017578,21.213386535644531,27.70210075378418,14.046355205135486
2022-01-04,18526.349609375,18395.140625,18526.349609375,18395.140625,4009,604.5899658203125,79434666,123.98381805419922,65.189682006835938,21.247879028320312,27.624700546264648,13.300452867514112
2022-01-05,18499.9609375,18598.130859375,18619.609375,18446.51953125,3879.8701171875,599.06024169921875,69593809,118.09136962890625,65.234916687011719,21.316867828369141,27.515499114990234,8.48134295460763
2022-01-06,18367.919921875,18395.720703125,18427.150390625,18253.8203125,3909.0400390625,593.5303955078125,53210211,119.40184783935547,64.013465881347656,21.368608474731445,27.596399307250977,11.032597350950791
2022-01-07,18169.759765625,18388.16015625,18444.119140625,18134.41015625,3796.320068359375,584.31402587890625,38249908,114.78265380859375,63.244392395019531,21.558320999145508,27.620000839233398,8.5134655035582263
2022-01-10,18239.380859375,18095.390625,18243.259765625,18043.970703125,3805.389892578125,592.60870361328125,38289770,116.18606567382812,63.199153900146484,21.575567245483398,27.658000946044922,8.4518095914093436
2022-01-11,18288.2109375,18266.5390625,18293.529296875,18135.4296875,3875.43994140625,599.98187255859375,33196585,120.05244445800781,63.561069488525391,22.153331756591797,27.598899841308594,10.447183218097811
2022-01-12,18375.400390625,18348.390625,18394.69921875,18255.380859375,3901.2099609375,608.27655029296875,38860063,122.89643859863281,63.922981262207031,22.222316741943359,27.62700080871582,11.635406852933539
2022-01-13,18436.9296875,18356.2109375,18459.73046875,18346.810546875,3811.840087890625,609.19818115234375,38137411,129.36517333984375,64.239654541015625,22.756961822509766,27.598600387573242,17.213013220821093
2022-01-14,18403.330078125,18509,18509,18213.439453125,3900.610107421875,619.33599853515625,95200777,130.73139953613281,63.877742767333984,22.506889343261719,27.565999984741211,16.374367585341322
2022-01-17,18525.439453125,18512.150390625,18535.419921875,18435.01953125,3900.610107421875,629.47393798828125,59614236,130.73139953613281,64.963485717773438,22.274057388305664,27.538000106811523,14.383807720302055
2022-01-18,18378.640625,18492.810546875,18575.41015625,18378.640625,3727.239990234375,610.1197509765625,43593330,124.38349914550781,64.692054748535156,22.437900543212891,27.423700332641602,11.81594437590412
2022-01-19,18227.4609375,18275.1796875,18359.140625,18199.349609375,3612.18994140625,602.74664306640625,40381333,121.76253509521484,63.877742767333984,22.317173004150391,27.516199111938477,11.172486768547651
2022-01-20,18218.279296875,18212.259765625,18292.140625,18125.19921875,3494.75,599.98187255859375,46474584,119.27172088623047,63.787269592285156,22.265434265136719,27.547599792480469,9.524963463406543
2022-01-21,17899.30078125,18113.939453125,18113.939453125,17851.390625,3434.7900390625,590.7655029296875,49577684,115.73993682861328,62.746768951416016,21.834266662597656,27.615699768066406,8.2067023474920333
2022-01-24,17989.0390625,17843.330078125,18004.44921875,17682.330078125,3479.949951171875,601.824951171875,47134502,117.06900787353516,62.792011260986328,21.920499801635742,27.691200256347656,7.7317028656122666
2022-01-25,17701.119140625,17890.7109375,17890.7109375,17645.66015625,3350.85009765625,590.7655029296875,52318736,113.83466339111328,61.796745300292969,21.558320999145508,27.663900375366211,6.6111941776637595
2022-01-26,17674.400390625,17657.970703125,17776.419921875,17633.029296875,3407,586.15728759765625,29957189,114.39231109619141,62.249130249023438,21.696294784545898,27.697999954223633,8.1088061019106696
2022-02-07,17900.30078125,17750.69921875,17900.30078125,17712.349609375,3452.330078125,585.23577880859375,56836469,113.67664337158203,62.06817626953125,22.343044281005859,27.799999237060547,7.9978604669403763
2022-02-08,17966.560546875,17955.94921875,18063.55078125,17955.94921875,3535.1298828125,578.78424072265625,39718217,114.97782897949219,62.339611053466797,22.653486251831055,27.826000213623047,10.554948412230525
2022-02-09,18151.759765625,18060.330078125,18168.599609375,18039.23046875,3653.719970703125,583.39251708984375,30048791,116.66007232666016,62.701530456542969,22.687976837158203,27.805200576782227,11.203233340243933
2022-02-10,18338.05078125,18217.2890625,18338.05078125,18145.0390625,3536.10009765625,598.1385498046875,34587133,115.90724945068359,63.425357818603516,22.644859313964844,27.78070068359375,7.6668475924018376
2022-02-11,18310.939453125,18258.810546875,18310.939453125,18191.75,3365.25,599.06024169921875,26723278,112.46842193603516,63.334873199462891,22.679353713989258,27.826400756835938,4.4833612193667882
2022-02-14,17997.669921875,18182.73046875,18182.73046875,17965.220703125,3370.199951171875,587.07879638671875,27826382,111.31593322753906,62.022941589355469,22.455146789550781,27.906000137329102,5.8250601811343783
2022-02-15,17951.810546875,17978.439453125,18085.91015625,17942.6796875,3554.449951171875,583.39251708984375,21970460,115.73066711425781,62.203887939453125,22.463769912719727,27.861799240112305,10.541857106649989
2022-02-16,18231.470703125,18109.169921875,18233.7890625,18109.169921875,3555.68994140625,595.37371826171875,25191741,114.87557983398438,63.063438415527344,22.584495544433594,27.820699691772461,7.3584174259645918
2022-02-17,18268.5703125,18213.30078125,18330.630859375,18190.240234375,3422.60009765625,594.45196533203125,18135080,111.30664825439453,62.972957611083984,22.593122482299805,27.810800552368164,4.147254119230892
2022-02-18,18232.349609375,18250.369140625,18262.9609375,18098.51953125,3384.300048828125,587.07879638671875,20804191,110.88839721679688,63.153915405273438,22.584495544433594,27.836700439453125,5.1568244172033095
2022-02-21,18221.490234375,18196.400390625,18253.099609375,18129.650390625,3384.300048828125,582.470947265625,23797502,110.88839721679688,62.611042022705078,22.532758712768555,27.870000839233398,6.1154977085588147
2022-02-22,17969.2890625,18159.509765625,18159.509765625,17840.380859375,3356.070068359375,577.8626708984375,34086593,108.65782165527344,62.06817626953125,22.274057388305664,27.812400817871094,4.5935319952292719
2022-02-23,18055.73046875,17954.75,18109.279296875,17954.75,3277.800048828125,576.01934814453125,31953054,107.71909332275391,62.294368743896484,22.334421157836914,27.837400436401367,4.1152365846986783
2022-02-24,17594.55078125,17939.529296875,17939.529296875,17561.0703125,3399.159912109375,556.665283203125,73663161,103.98284912109375,60.620521545410156,21.860137939453125,27.872699737548828,4.1301772846328966
2022-02-25,17652.1796875,17617.359375,17737.3203125,17554.970703125,3452.669921875,556.665283203125,89012516,103.37873840332031,60.303848266601562,21.860137939453125,28.06719970703125,4.2476254143611669
2022-03-01,17898.25,17657.5,17944.5,17657.5,3304.85009765625,556.665283203125,66720867,100.42321014404297,61.299106597900391,22.067098617553711,27.97559928894043,0.93675934425625496
2022-03-02,17867.599609375,17864.109375,17918.98046875,17784.640625,3416.159912109375,553.900146484375,40693457,101.87309265136719,61.163394927978516,22.118839263916016,28.04680061340332,3.1671262626848939
2022-03-03,17934.400390625,17932.150390625,18026.029296875,17906.240234375,3339.760009765625,554.82183837890625,33792420,101.11096954345703,61.253864288330078,22.084344863891602,27.970500946044922,1.9471215312676371
2022-03-04,17736.51953125,17845.009765625,17845.009765625,17710.5390625,3258.919921875,548.3704833984375,55917115,97.644264221191406,60.620521545410156,21.782526016235352,28.050500869750977,-0.10510771884014725
2022-03-07,17178.689453125,17581.5703125,17581.5703125,17135.6796875,3098.929931640625,530.85955810546875,86496560,92.281524658203125,58.40380859375,21.127153396606445,28.125999450683594,-2.2148109715601327
2022-03-08,16825.25,17000,17113.669921875,16764.779296875,3156.8701171875,518.8782958984375,79029914,92.941429138183594,57.272823333740234,20.79084587097168,28.275899887084961,1.295527928124085
2022-03-09,17015.359375,16944.080078125,17072.740234375,16944.080078125,3282.179931640625,523.48651123046875,52155415,97.542030334472656,57.951412200927734,20.937440872192383,28.303400039672852,5.4763034390024279
2022-03-10,17433.19921875,17224.73046875,17478.4296875,17224.73046875,3211.070068359375,540.9974365234375,45630467,96.62188720703125,59.444301605224609,21.446218490600586,28.267999649047852,0.97302830899357318
2022-03-11,17264.740234375,17373.8203125,17373.900390625,17239.900390625,3144.14990234375,529.9378662109375,38943098,94.251914978027344,58.720478057861328,21.342737197875977,28.300699234008789,0.66822048759900277
2022-03-14,17263.0390625,17287.900390625,17363.0390625,17217.580078125,3047.5,527.1728515625,33919577,92.290824890136719,58.494277954101562,21.506582260131836,28.410999298095703,-0.52315655471560918
2022-03-15,16926.060546875,17177.26953125,17177.26953125,16911.94921875,3180.239990234375,514.270263671875,74092231,94.883880615234375,57.001388549804688,21.308242797851562,28.51099967956543,5.2067164257787679
2022-03-16,16940.830078125,17007.580078125,17085.76953125,16808.4296875,3340.070068359375,516.81719970703125,43438327,98.703529357910156,57.001388549804688,21.644554138183594,28.518899917602539,8.9327552127939533
2022-03-17,17448.220703125,17172.810546875,17472.94921875,17172.810546875,3364.550048828125,539.04583740234375,60959900,99.450630187988281,59.263347625732422,22.067098617553711,28.378999710083008,4.7150060140774386
2022-03-18,17456.51953125,17439.91015625,17472.380859375,17359.5,3432.300048828125,538.1197509765625,46242430,99.665451049804688,59.263347625732422,22.274057388305664,28.177999496459961,4.3772515095127362
2022-03-21,17560.359375,17503.94921875,17603.990234375,17503.94921875,3423.239990234375,542.7506103515625,21400273,99.852218627929688,59.625259399414062,22.334421157836914,28.356000900268555,4.3355658125695307
2022-03-22,17559.7109375,17512.41015625,17573.2890625,17468.55078125,3445.85009765625,539.9720458984375,20246949,99.96429443359375,59.534786224365234,22.420654296875,28.409999847412109,5.1900968273171033
2022-03-23,17731.369140625,17581.619140625,17738.689453125,17581.619140625,3360.320068359375,546.4554443359375,25902069,98.386009216308594,59.987178802490234,22.817327499389648,28.467399597167969,2.5076744375703841
2022-03-24,17699.060546875,17711.169921875,17711.169921875,17603.220703125,3532.719970703125,547.381591796875,20060758,100.78611755371094,59.941928863525391,22.756961822509766,28.559700012207031,5.1705547232635318
2022-03-25,17676.94921875,17695.80078125,17747.130859375,17633.859375,3525.340087890625,553.86492919921875,26122381,99.674797058105469,60.439567565917969,22.670730590820312,28.651500701904297,3.1237894770285157
2022-03-28,17520.009765625,17510.150390625,17527.150390625,17368.66015625,3547.169921875,540.898193359375,26391576,99.301239013671875,59.399063110351562,22.670730590820312,28.669000625610352,5.2644404569261338
2022-03-29,17548.66015625,17568.3203125,17585.91015625,17493.009765625,3625.580078125,545.52935791015625,14892032,102.02820587158203,59.172870635986328,22.72247314453125,28.783700942993164,7.6660430085015552
2022-03-30,17740.560546875,17572.900390625,17770.0703125,17572.900390625,3508.6201171875,555.71722412109375,41230239,99.674797058105469,60.168132781982422,22.946676254272461,28.628299713134766,2.6968335753267736
2022-03-31,17693.470703125,17754.099609375,17767.810546875,17682.529296875,3429,552.938720703125,22700114,97.3680419921875,59.941928863525391,23.265739440917969,28.525600433349609,0.46255604291411956
2022-04-01,17625.58984375,17657.759765625,17657.759765625,17465.609375,3366.639892578125,545.52935791015625,29732696,95.9952392578125,59.082389831542969,23.308856964111328,28.615699768066406,0.70845522552667184
2022-04-06,17522.5,17484.189453125,17528.990234375,17381.0703125,3193.9599609375,535.34100341796875,37645873,94.491653442382812,58.6300048828125,23.834880828857422,28.653200149536133,1.150042356509795
2022-04-07,17178.630859375,17430.130859375,17438.599609375,17178.630859375,3197.43994140625,524.22686767578125,42904743,93.875274658203125,57.589496612548828,23.455455780029297,28.725400924682617,2.8793092359910455
2022-04-08,17284.5390625,17210.400390625,17316.689453125,17210.400390625,3120.159912109375,525.15289306640625,28024587,92.726577758789062,57.815696716308594,23.990100860595703,28.798700332641602,1.7000938585357783
2022-04-11,17048.369140625,17273.05078125,17316.349609375,17046.669921875,3055.090087890625,516.81719970703125,36820094,91.120292663574219,56.775188446044922,23.800386428833008,28.891000747680664,1.8757287862913197
2022-04-12,16990.91015625,17005.83984375,17100.849609375,16905.130859375,3047.469970703125,515.8909912109375,30671407,90.998878479003906,56.548992156982422,23.524440765380859,29.031000137329102,2.4165375487466889
2022-04-13,17301.650390625,17080.400390625,17333.2109375,17080.400390625,3119.320068359375,530.71002197265625,35865970,94.790496826171875,57.725212097167969,23.627918243408203,29.038000106811523,3.7299596013626646
2022-04-14,17245.650390625,17353.25,17374.140625,17245.650390625,3028.219970703125,530.71002197265625,19056590,91.858070373535156,57.544254302978516,23.17088508605957,28.86669921875,-0.072010005334710581
2022-04-15,17004.1796875,17139.33984375,17141.330078125,17004.1796875,3028.219970703125,520.52191162109375,28253360,91.858070373535156,56.548992156982422,22.98979377746582,28.96619987487793,2.2350516724182423
2022-04-18,16898.869140625,16958.66015625,16999.359375,16845.509765625,3085.18994140625,519.595703125,15800959,92.240982055664062,56.413276672363281,22.618989944458008,29.111000061035156,3.3583310293999746
2022-04-19,16993.400390625,16926.33984375,17106.259765625,16926.33984375,3153.22998046875,523.300537109375,16614705,92.876014709472656,56.729953765869141,22.644859313964844,29.214000701904297,3.6987263151043059
2022-04-20,17148.880859375,17057.130859375,17148.880859375,16983.55078125,3142.199951171875,527.9315185546875,27606307,92.465087890625,57.046627044677734,22.739717483520508,29.253700256347656,2.4733652097335357
2022-04-21,17127.94921875,17159.880859375,17213.66015625,17106.369140625,3058.739990234375,523.300537109375,18383650,91.204330444335938,57.091865539550781,22.567251205444336,29.16349983215332,1.6562104177284542
2022-04-22,17025.08984375,17088.759765625,17088.759765625,16923.869140625,2989.830078125,516.81719970703125,29283846,89.355224609375,56.458518981933594,22.808704376220703,29.288999557495117,1.2785617633249924
2022-04-25,16620.900390625,16912.30078125,16912.30078125,16579.890625,3042.389892578125,506.62896728515625,43389591,89.878211975097656,55.056098937988281,22.584495544433594,29.311000823974609,3.9980149329545744
2022-04-26,16644.7890625,16677.83984375,16729.470703125,16582.109375,2909.1201171875,505.7027587890625,35825421,86.637588500976562,55.056098937988281,22.765586853027344,29.193700790405273,0.02997974368457168
2022-04-27,16303.349609375,16427.3203125,16427.3203125,16219.41015625,2894.909912109375,487.1788330078125,55941533,84.293510437011719,53.653682708740234,22.506889343261719,29.300699234008789,1.3943393823127703
2022-04-28,16419.380859375,16350.7197265625,16455.5703125,16256.8798828125,3056.360107421875,491.80984497070312,45380836,88.925628662109375,54.151313781738281,22.334421157836914,29.374700546264648,6.2265727109792612
2022-04-29,16592.1796875,16599.83984375,16663.66015625,16521.939453125,2919.739990234375,498.29324340820312,36664644,86.787010192871094,54.829902648925781,22.627614974975586,29.452699661254883,2.5946781146669151
2022-05-03,16498.900390625,16593.2109375,16604.869140625,16465.990234375,3044.889892578125,491.80984497070312,26317509,87.440727233886719,54.060836791992188,22.351667404174805,29.484600067138672,4.8435649849380313
2022-05-04,16565.830078125,16531.369140625,16617.060546875,16514.30078125,3163.7900390625,494.58837890625,16569622,89.644729614257812,54.648948669433594,22.412029266357422,29.422100067138672,6.6558098690075562
2022-05-05,16696.119140625,16689.98046875,16783.779296875,16650.810546875,3005.530029296875,501.99798583984375,20374772,86.05859375,55.101345062255859,22.161954879760742,29.239999771118164,0.25352023446414407
2022-05-06,16408.19921875,16491.109375,16491.109375,16312.169921875,2982.06005859375,489.03125,32467268,85.57293701171875,54.287033081054688,21.73078727722168,29.606700897216797,3.6143334808288907
2022-05-09,16048.919921875,16345.83984375,16345.83984375,16048.919921875,2829.10009765625,481.62176513671875,23709774,81.529167175292969,53.608444213867188,21.066793441772461,29.649999618530273,0.38332777424681108
2022-05-10,16061.7001953125,15891.400390625,16071.5,15734.4404296875,2900.1298828125,479.76931762695312,41679907,82.948692321777344,53.020336151123047,20.851207733154297,29.750999450683594,2.874711201059954
2022-05-11,16006.25,16053.75,16081.150390625,15953.26953125,2811.93994140625,482.54800415039062,27157254,82.024139404296875,53.472728729248047,20.661495208740234,29.641700744628906,0.77069941833780575
2022-05-12,15616.6796875,15943.6201171875,15943.6201171875,15616.6796875,2827.2099609375,467.728759765625,32532963,81.893394470214844,52.115550994873047,19.928512573242188,29.688999176025391,3.9633706580904482
2022-05-13,15832.5400390625,15687.150390625,15860.6904296875,15687.150390625,2970.3701171875,473.2860107421875,29074177,84.947227478027344,52.794139862060547,19.963005065917969,29.821500778198242,7.0495959248502604
2022-05-16,15901.0400390625,15943.6904296875,16032.849609375,15847.4599609375,2920.06005859375,481.62176513671875,21163106,84.433601379394531,53.608444213867188,19.85090446472168,29.781999588012695,4.4222526272969409
2022-05-17,16056.08984375,15915.9296875,16085.849609375,15915.9296875,3066.5,490.88372802734375,24496974,87.151229858398438,54.241794586181641,19.833656311035156,29.71190071105957,5.5006935677128554
2022-05-18,16296.8603515625,16174.7802734375,16316.580078125,16172.7998046875,2907.9599609375,498.29324340820312,30568176,84.545639038085938,55.101345062255859,20.454532623291016,29.605800628662109,0.46459053966767527
2022-05-19,16020.3203125,16111.490234375,16111.490234375,15892.73046875,2890.330078125,483.47415161132812,29019751,84.246803283691406,53.744167327880859,19.945758819580078,29.740200042724609,3.6463593458569088
2022-05-20,16144.849609375,16061.919921875,16181.66015625,16058.2001953125,2882.64990234375,490.88372802734375,22651205,84.779121398925781,54.467987060546875,20.014741897583008,29.600500106811523,2.2443502908086943
2022-05-23,16156.41015625,16193.919921875,16249.4501953125,16125.4501953125,2898.429931640625,489.03125,17054170,85.451530456542969,54.648948669433594,20.057861328125,29.71299934387207,3.8388147337465872
2022-05-24,15963.6298828125,16166.5703125,16219.7998046875,15963.6298828125,2827.050048828125,481.62176513671875,17802308,82.855308532714844,53.653682708740234,20.066486358642578,29.489999771118164,1.4656399081994564
2022-05-25,16104.0302734375,15987.740234375,16169.1796875,15980.900390625,2882.929931640625,485.3265380859375,22176476,84.433601379394531,54.196556091308594,19.980251312255859,29.531700134277344,2.7542325225933917
2022-05-26,15968.830078125,16128.2099609375,16179.009765625,15949.6103515625,2994.610107421875,476.06451416015625,28327403,84.984580993652344,53.382251739501953,19.902641296386719,29.409999847412109,5.0024288605076572
2022-05-27,16266.2197265625,16075.91015625,16266.2197265625,16075.91015625,3115.35009765625,490.88372802734375,27866643,87.571479797363281,54.558467864990234,20.316562652587891,29.312999725341797,4.5861827021039803
2022-05-30,16610.619140625,16368.9296875,16610.619140625,16368.9296875,3115.35009765625,506.62896728515625,34476433,87.571479797363281,55.825164794921875,20.695987701416016,29.295999526977539,1.2770369001142701
2022-05-31,16807.76953125,16561.6796875,16807.76953125,16493.0703125,3098.68994140625,518.6695556640625,72405873,89.000335693359375,56.187076568603516,20.877079010009766,28.830999374389648,-1.0557456216818362
2022-06-01,16675.08984375,16718.91015625,16811.0390625,16649.91015625,3049.030029296875,508.48135375976562,29155176,88.486717224121094,56.775188446044922,20.782222747802734,28.991500854492188,0.90292275403014433
2022-06-02,16552.5703125,16605.4609375,16617.259765625,16540.55078125,3157.97998046875,500.14553833007812,21420890,89.971588134765625,55.870407104492188,20.695987701416016,29.128299713134766,4.7982710635156023
2022-06-06,16605.9609375,16570.890625,16654.119140625,16509.009765625,3062.739990234375,500.14553833007812,17615003,86.955101013183594,56.187076568603516,20.782222747802734,29.361000061035156,2.0938319145998197
2022-06-07,16512.880859375,16593.75,16593.75,16465.869140625,3092.969970703125,495.51473999023438,19497532,87.636848449707031,55.146579742431641,20.67011833190918,29.38129997253418,3.9276665311350989
2022-06-08,16670.509765625,16538.669921875,16702.990234375,16538.669921875,3019.10009765625,503.85043334960938,18835521,87.291313171386719,56.187076568603516,20.695987701416016,29.405000686645508,1.8874234831420589
2022-06-09,16621.33984375,16643.94921875,16643.94921875,16557.5390625,2937.7900390625,501.07180786132812,16338602,84.844520568847656,55.915645599365234,20.575263977050781,29.438800811767578,-0.30487040741797866
2022-06-10,16460.119140625,16581.810546875,16581.810546875,16403.330078125,2831.97998046875,490.88372802734375,21357130,82.81793212890625,55.463249206542969,20.497652053833008,29.585699081420898,-0.17080303892759163
2022-06-13,16070.98046875,16295.0703125,16295.0703125,16055.8896484375,2673,477.91690063476562,32854092,79.894851684570312,54.015602111816406,20.135473251342773,29.642000198364258,-0.89309642170706249
2022-06-14,16047.3701171875,15975.169921875,16067.7998046875,15869.0595703125,2689.889892578125,475.1383056640625,36304444,81.426460266113281,53.698925018310547,20.282068252563477,29.688699722290039,1.7575598292774774
2022-06-15,15999.25,16025.83984375,16106.75,15981.5595703125,2737.550048828125,471.43359375,35680283,83.238189697265625,53.472728729248047,20.230329513549805,29.577699661254883,4.4471250183274913
2022-06-16,15838.6103515625,16098.2900390625,16209.25,15838.2900390625,2566.860107421875,473.06320190429688,26909199,79.348678588867188,53.382251739501953,20.221706390380859,29.405000686645508,-1.3557622322912577
2022-06-17,15641.259765625,15794.16015625,15794.16015625,15573.3798828125,2578.5400390625,466.54461669921875,43566737,79.799324035644531,52.386993408203125,19.859525680541992,29.695999145507812,1.5860251540469328
2022-06-20,15367.580078125,15649.2001953125,15667.6796875,15367.580078125,2578.5400390625,463.75094604492188,34209693,79.799324035644531,51.979835510253906,19.62669563293457,29.701999664306641,2.2186376516423634
2022-06-21,15728.6396484375,15427.330078125,15728.6396484375,15427.330078125,2649.3701171875,470.26947021484375,33223685,81.629997253417969,52.341747283935547,20.307937622070312,29.702999114990234,3.1177182336424858
2022-06-22,15347.75,15687.4599609375,15687.4599609375,15346.9501953125,2619.7099609375,460.49163818359375,31034893,79.714836120605469,51.16552734375,20.014741897583008,29.724000930786133,2.9093111176826891
2022-06-23,15176.4404296875,15305.509765625,15380.2802734375,15102.400390625,2602.739990234375,452.11056518554688,43548940,78.973167419433594,50.486942291259766,19.988874435424805,29.671699523925781,3.6590725616172159
2022-06-24,15303.3203125,15232.33984375,15424.3701171875,15232.33984375,2718.469970703125,453.04180908203125,27911980,80.663040161132812,50.667900085449219,20.187211990356445,29.613100051879883,5.4508714602063524
2022-06-27,15548.009765625,15409.080078125,15656.349609375,15409.080078125,2713.47998046875,464.216552734375,37909718,80.606719970703125,52.206031799316406,20.333806991577148,29.694000244140625,3.1215258650639344
2022-06-28,15439.919921875,15519.5595703125,15533.33984375,15375.650390625,2642.070068359375,463.28530883789062,15274062,79.179702758789062,51.391727447509766,20.299314498901367,29.430000305175781,0.59713234594609421
2022-06-29,15240.1298828125,15365.5400390625,15365.5400390625,15218.0703125,2583.97998046875,457.2322998046875,30533789,78.531929016113281,51.16552734375,20.11822509765625,29.670999526977539,1.9228444571860459
2022-06-30,14825.73046875,15146.919921875,15147.76953125,14825.73046875,2556.25,443.263916015625,46311432,76.748184204101562,49.853595733642578,19.756046295166016,29.665000915527344,2.7259324487617143
2022-07-01,14343.080078125,14812.1298828125,14812.1298828125,14336.0302734375,2458.4599609375,422.31130981445312,61744377,72.288787841796875,47.591629028320312,19.307632446289062,29.65570068359375,1.525798868992112
2022-07-04,14217.0595703125,14237.830078125,14412.4697265625,14167.099609375,2458.4599609375,409.73974609375,52445919,72.288787841796875,47.003520965576172,19.195528030395508,29.795999526977539,5.1358433676158555
2022-07-05,14349.2001953125,14345.5400390625,14488.7998046875,14100.8896484375,2477.639892578125,415.32717895507812,50084244,71.4532470703125,47.274955749511719,19.402488708496094,29.690000534057617,2.1578673957759475
2022-07-06,13985.509765625,14289.669921875,14319.3203125,13985.509765625,2494.110107421875,405.54928588867188,40549763,70.936920166015625,46.189216613769531,19.031686782836914,29.78070068359375,4.1822170763243349
2022-07-07,14336.26953125,14052.1796875,14355.150390625,13951.8095703125,2605.889892578125,426.03622436523438,48151202,75.715484619140625,47.863067626953125,19.083425521850586,29.788000106811523,5.8789246047169952
2022-07-08,14464.5302734375,14462.5,14552.419921875,14373.83984375,2618.02001953125,434.8829345703125,37897895,76.522857666015625,48.541656494140625,19.126543045043945,29.75200080871582,4.7044131733544159
2022-07-11,14340.5302734375,14478.3095703125,14525.0302734375,14313.9404296875,2553.68994140625,430.22674560546875,21941710,74.269699096679688,48.586894989013672,18.902338027954102,29.75200080871582,2.7212822149291771
2022-07-12,13950.6201171875,14235.6298828125,14235.6298828125,13928.66015625,2558.169921875,418.58648681640625,23036423,74.260299682617188,47.501155853271484,18.324575424194336,29.863199234008789,5.9589926787037895
2022-07-13,14324.6796875,14194.9404296875,14403.509765625,14194.9404296875,2577.360107421875,438.14218139648438,44035695,76.316322326660156,48.903568267822266,18.885089874267578,29.864999771118164,4.0386908904258112
2022-07-14,14438.51953125,14252.01953125,14450.4697265625,14159.3896484375,2626.919921875,442.33273315429688,31936258,78.550704956054688,48.903568267822266,18.816102981567383,29.766000747680664,5.718621625823217
2022-07-15,14550.6201171875,14483.9599609375,14579.73046875,14378.330078125,2693.77001953125,458.62918090820312,51846909,80.390769958496094,50.305980682373047,18.497041702270508,29.918699264526367,4.8859239732229609
2022-07-18,14719.6396484375,14589.099609375,14719.6396484375,14589.099609375,2679.570068359375,461.4228515625,39179575,78.466209411621094,50.713138580322266,18.824726104736328,29.910999298095703,1.7289337399591709
2022-07-19,14694.080078125,14638.4501953125,14720.1298828125,14598.990234375,2803.139892578125,457.2322998046875,19874865,80.878952026367188,50.532176971435547,18.781610488891602,29.819999694824219,5.496060788977819
2022-07-20,14733.2197265625,14810.400390625,14906.9501953125,14694.2001953125,2872.9599609375,460.95721435546875,35436652,81.263862609863281,51.210769653320312,18.729869842529297,29.785999298095703,5.0216930889094069
2022-07-21,14937.7001953125,14744.169921875,14937.7001953125,14716.01953125,2916.81005859375,466.54461669921875,22285593,82.418617248535156,51.527442932128906,18.859222412109375,29.880699157714844,5.5730071186758767
2022-07-22,14949.3603515625,14953.26953125,14996.240234375,14902.3203125,2842.409912109375,468.4071044921875,25216400,81.038566589355469,51.527442932128906,19.057558059692383,29.880300521850586,3.3911185516755538
2022-07-25,14936.330078125,14902.25,14968.23046875,14851.3701171875,2825.030029296875,465.14773559570312,15245346,81.019790649414062,51.617919921875,19.117919921875,29.801000595092773,3.81522447982372
2022-07-26,14806.7802734375,14912.41015625,14912.41015625,14750.7099609375,2778.9599609375,460.95721435546875,18024265,79.254806518554688,50.667900085449219,19.195528030395508,29.827999114990234,2.5697060409235695
2022-07-27,14921.58984375,14791.7099609375,14921.58984375,14717.01953125,2911,467.47589111328125,17166365,82.268402099609375,51.210769653320312,19.290386199951172,29.920299530029297,5.3100397034473446
2022-07-28,14891.900390625,14978.9501953125,15031.990234375,14849.9404296875,2944.5,466.54461669921875,33844011,83.188446044921875,51.753643035888672,19.523214340209961,29.85930061340332,6.482798390903155
2022-07-29,15000.0703125,14950.1796875,15035.26953125,14929.490234375,2967.139892578125,473.99444580078125,29045617,83.066398620605469,51.8441162109375,19.488723754882812,29.915000915527344,4.8506543821141168
2022-08-01,14981.6904296875,14982.26953125,14994.3603515625,14886.8095703125,2978.320068359375,469.33834838867188,24117969,81.0291748046875,51.436962127685547,19.583578109741211,30.00200080871582,3.5942354323283077
2022-08-02,14747.23046875,14860.9404296875,14860.9404296875,14663.4599609375,2974.75,458.16360473632812,39838155,80.785087585449219,50.351222991943359,19.480098724365234,30.167999267578125,6.3866460764217647
2022-08-03,14777.01953125,14757.509765625,14777.01953125,14673.349609375,3053.4599609375,466.54461669921875,27603474,81.2169189453125,51.029815673828125,19.376619338989258,29.966299057006836,4.3317356793324713
2022-08-04,14702.2001953125,14741.4697265625,14766.5703125,14545.6904296875,3081.409912109375,465.6134033203125,26027618,83.01007080078125,51.120288848876953,19.44560432434082,29.941999435424805,6.7618533026510663
2022-08-05,15036.0400390625,14802.33984375,15041.41015625,14802.33984375,3053.389892578125,480.51303100585938,32784279,84.2774658203125,52.206031799316406,19.730173110961914,29.951700210571289,5.0649296845349356
2022-08-08,15020.41015625,14972.2099609375,15034.8701171875,14908.169921875,3004.340087890625,476.7880859375,19333128,82.559432983398438,52.251266479492188,19.86815071105957,29.944999694824219,3.7040256839304453
2022-08-09,15050.2802734375,14965.1201171875,15077.6298828125,14905.23046875,2866.89990234375,474.92559814453125,21164373,79.996475219726562,51.889354705810547,20.144094467163086,30.000699996948242,1.0663675850109966
2022-08-10,14939.01953125,14940.759765625,14982.330078125,14890.5498046875,2988.7099609375,465.6134033203125,20861380,83.244773864746094,51.391727447509766,20.411418914794922,30.027999877929688,7.3712243515147602
2022-08-11,15197.849609375,15087.58984375,15204.7900390625,15087.58984375,2978.699951171875,478.65054321289062,23740033,84.042762756347656,52.2965087890625,20.601131439208984,29.910400390625,5.0349871997791507
2022-08-12,15288.9697265625,15203.91015625,15298.419921875,15198.9296875,3067.840087890625,481.44424438476562,19535923,85.30078125,52.7489013671875,20.661495208740234,29.949300765991211,6.1264635739868956
2022-08-15,15417.349609375,15332.919921875,15437.23046875,15315.1201171875,3077.330078125,487.0316162109375,21273166,85.967330932617188,53.744167327880859,20.730484008789062,29.943000793457031,5.7064787026831043
2022-08-16,15420.5703125,15435.0400390625,15451.830078125,15392.490234375,3045.639892578125,488.89407348632812,20720414,84.446456909179688,53.382251739501953,20.764974594116211,29.982700347900391,3.5779711909566636
2022-08-17,15465.4501953125,15423.4404296875,15475.8896484375,15390.83984375,2970.1201171875,490.75650024414062,27143102,83.742340087890625,53.517967224121094,20.833959579467773,29.94379997253418,2.1917745185756621
2022-08-18,15396.759765625,15384.73046875,15396.759765625,15311.2197265625,3037.840087890625,484.238037109375,17831084,83.808074951171875,53.382251739501953,20.730484008789062,29.935699462890625,3.6206638899379806
2022-08-19,15408.7802734375,15394.3603515625,15458.4501953125,15346.259765625,2953.340087890625,483.30667114257812,14022812,81.864730834960938,53.698925018310547,20.678739547729492,29.973699569702148,1.5416915972082501
2022-08-22,15245.1396484375,15375.2001953125,15375.2001953125,15229.3603515625,2843.3701171875,476.7880859375,11494000,80.024627685546875,52.884620666503906,20.601131439208984,30.101999282836914,1.0470419143566945
2022-08-23,15095.8896484375,15225.169921875,15225.169921875,15086.4296875,2864.31005859375,469.33834838867188,19191108,80.766311645507812,52.251266479492188,20.368303298950195,30.13170051574707,3.7045586672830089
2022-08-24,15069.1904296875,15112.150390625,15183.9599609375,15053.51953125,2866.179931640625,468.4071044921875,14363212,80.325050354003906,52.251266479492188,20.316562652587891,30.170000076293945,3.4743816678823425
2022-08-25,15200.0400390625,15105.3095703125,15244.0595703125,15105.3095703125,2971.070068359375,473.06320190429688,9357138,82.212089538574219,52.522701263427734,20.437290191650391,30.204999923706055,4.9845411033562881
2022-08-26,15278.4404296875,15221.5,15337.25,15221.5,2798.43994140625,476.7880859375,12914846,79.555221557617188,52.929855346679688,20.532144546508789,30.187999725341797,0.74131788795033238
2022-08-29,14926.1904296875,15197.1904296875,15197.1904296875,14843.7197265625,2744.5,464.216552734375,26590824,77.780860900878906,51.527442932128906,20.135473251342773,30.281000137329102,1.4734285431128979
2022-08-30,14953.6298828125,14919.669921875,15027.5,14911.9697265625,2708.6298828125,461.88848876953125,24214535,77.72454833984375,51.934593200683594,20.109600067138672,30.368000030517578,2.2038497925883416
2022-08-31,15095.4404296875,14912.1201171875,15095.4404296875,14874.330078125,2677.389892578125,470.26947021484375,39357089,78.250259399414062,51.934593200683594,20.178586959838867,30.436700820922852,1.2900001104258818
2022-09-01,14801.8603515625,14981,14981,14773.1904296875,2625.949951171875,456.76669311523438,39168672,76.644889831542969,50.984573364257812,19.954381942749023,30.332700729370117,1.7957981935962541
2022-09-02,14673.0400390625,14790.2802734375,14817.400390625,14673.0400390625,2599.260009765625,451.64495849609375,29982959,75.9501953125,50.803619384765625,19.85090446472168,30.548200607299805,2.7418444034250422
2022-09-05,14661.099609375,14670.1796875,14753.0302734375,14632.7900390625,2599.260009765625,452.576171875,15903415,75.9501953125,50.803619384765625,19.86815071105957,30.613000869750977,2.7479367959961198
2022-09-06,14677.2001953125,14705.16015625,14789.3095703125,14623.2197265625,2571.469970703125,455.36990356445312,16700285,75.133407592773438,50.758377075195312,20.006122589111328,30.686000823974609,1.2602628875115762
2022-09-07,14410.0498046875,14557.8603515625,14557.8603515625,14397.1201171875,2611.5,440.004638671875,34678562,75.058303833007812,49.672637939453125,19.661190032958984,30.798700332641602,5.0760834797960674
2022-09-08,14583.419921875,14447.08984375,14583.419921875,14447.08984375,2658.179931640625,442.33273315429688,27931552,75.330558776855469,49.898834228515625,19.764667510986328,30.847799301147461,5.0694097097777169
2022-09-12,14807.4296875,14711.33984375,14856.23046875,14711.33984375,2731.090087890625,453.04180908203125,21597212,77.123703002929688,50.984573364257812,20.057861328125,30.850000381469727,5.035174209713178
2022-09-13,14894.41015625,14895.8701171875,14949.5595703125,14856.98046875,2562.27001953125,459.09481811523438,16507036,73.988052368164062,51.482208251953125,20.100980758666992,30.882999420166016,-0.45747029923185467
2022-09-14,14658.3095703125,14695.1904296875,14699.7802734375,14522.7001953125,2591.510009765625,446.98886108398438,22645714,74.786041259765625,50.532176971435547,19.859525680541992,31.11870002746582,4.1298603531448874
2022-09-15,14670.0400390625,14647,14750.2802734375,14624.5498046875,2549.5400390625,446.28640747070312,23104850,73.622879028320312,50.667900085449219,19.859525680541992,31.069000244140625,2.5076815343239911
2022-09-16,14561.759765625,14602.16015625,14602.16015625,14521.650390625,2563.139892578125,442.07168579101562,39087513,73.53790283203125,50.034549713134766,19.885395050048828,31.222000122070312,3.8745744184069952
2022-09-19,14425.6796875,14567.26953125,14585.0595703125,14424.330078125,2577.93994140625,437.38876342773438,17182380,73.858909606933594,49.672637939453125,19.799160003662109,31.26099967956543,5.5767108172124491
2022-09-20,14549.2998046875,14474.9501953125,14558.7197265625,14461.3896484375,2539.5,446.28640747070312,19842582,73.78338623046875,50.305980682373047,19.833656311035156,31.322000503540039,3.5677189346324356
2022-09-21,14424.51953125,14517.33984375,14525.4599609375,14384.1103515625,2514.9599609375,441.13510131835938,24154633,72.829833984375,50.034549713134766,19.730173110961914,31.339000701904297,3.4791478408662702
2022-09-22,14284.6298828125,14325.669921875,14325.669921875,14151.7998046875,2444.25,435.04727172851562,29702508,71.404182434082031,48.858333587646484,19.488723754882812,31.450000762939453,3.2375899339195158
2022-09-23,14118.3798828125,14231.0302734375,14277.5302734375,14109.7099609375,2408.89990234375,426.149658203125,29757787,69.742538452148438,48.405937194824219,19.540460586547852,31.538299560546875,3.2295123310126961
2022-09-26,13778.1904296875,13993.419921875,13993.419921875,13743.1904296875,2373.469970703125,418.1885986328125,32342267,68.930595397949219,47.546394348144531,19.230020523071289,31.791000366210938,4.8030764446287844
2022-09-27,13826.58984375,13812.990234375,13862.83984375,13732.3203125,2398.0400390625,419.59344482421875,24961404,68.949462890625,47.501155853271484,19.023061752319336,31.822999954223633,4.5859405802355147
2022-09-28,13466.0703125,13816.7001953125,13854.08984375,13466.0703125,2427.260009765625,410.2276611328125,34402652,68.099754333496094,47.003520965576172,18.695375442504883,31.674999237060547,5.1640282179384434
2022-09-29,13534.259765625,13550.7001953125,13651.2900390625,13462.5703125,2347.360107421875,407.41781616210938,41094780,65.408988952636719,46.415412902832031,18.738492965698242,31.670999526977539,1.6925611007040819
2022-09-30,13424.580078125,13409.650390625,13466.8203125,13274.7197265625,2306.699951171875,395.24209594726562,48266800,64.729225158691406,45.601108551025391,18.600519180297852,31.630500793457031,3.6032259081542728
2022-10-03,13300.48046875,13359.259765625,13440.23046875,13273.48046875,2393.320068359375,390.55917358398438,36044395,65.38067626953125,45.284431457519531,18.333196640014648,31.802999496459961,6.4781858993251173
2022-10-04,13576.51953125,13447.3603515625,13586.9599609375,13447.3603515625,2500.110107421875,401.79827880859375,40375000,68.741752624511719,46.324939727783203,18.48841667175293,31.783700942993164,8.7544383810319815
2022-10-05,13801.4296875,13727.2998046875,13902.01953125,13727.2998046875,2523.610107421875,416.78369140625,46496536,70.318450927734375,47.953548431396484,18.678129196166992,31.628000259399414,6.7235609281614428
2022-10-06,13892.0498046875,13865.4501953125,13899.23046875,13814.330078125,2508.840087890625,422.40325927734375,30331834,70.195701599121094,47.908309936523438,18.859222412109375,31.523500442504883,4.7725926266555252
2022-10-07,13702.2802734375,13847.51953125,13847.51953125,13684.2099609375,2356.75,410.2276611328125,31941781,65.852737426757812,47.274955749511719,18.66950798034668,31.538999557495117,1.2574067203110495
2022-10-11,13106.0302734375,13394.1201171875,13394.1201171875,13106.0302734375,2218.489990234375,376.04196166992188,95793819,59.904747009277344,44.497272491455078,18.238340377807617,31.792800903320312,1.2939984874067889
2022-10-12,13081.240234375,13076.91015625,13130.73046875,12991.58984375,2198.60009765625,372.29550170898438,53570085,60.527862548828125,44.325363159179688,18.255586624145508,31.825300216674805,3.4832485618289777
2022-10-13,12810.73046875,13108.400390625,13111.3896484375,12809.4296875,2263.239990234375,369.95413208007812,38046284,62.897632598876953,43.863925933837891,17.772680282592773,31.774200439453125,8.0416090571578493
2022-10-14,13128.1201171875,13023.7099609375,13221.8701171875,13023.7099609375,2162.320068359375,385.87615966796875,54504366,60.348476409912109,45.230148315429688,17.815797805786133,31.848600387573242,-0.38179550496204584
2022-10-17,12966.0498046875,12988.830078125,12988.830078125,12814.8203125,2211.659912109375,371.8272705078125,41512192,61.264286041259766,44.262027740478516,17.712316513061523,31.961999893188477,5.3246633165315638
2022-10-18,13124.6796875,13075.0498046875,13143.150390625,12978.1298828125,2220.9599609375,381.19320678710938,40093216,60.150211334228516,44.795848846435547,17.833044052124023,31.988000869750977,0.9506454058914704
2022-10-19,12976.759765625,13096.349609375,13155.6201171875,12976.759765625,2237.739990234375,370.42242431640625,46385177,60.103012084960938,44.78680419921875,17.617460250854492,32.016998291015625,3.8985714085914891
2022-10-20,12946.099609375,12912.9296875,12946.099609375,12698.91015625,2253.219970703125,372.29550170898438,52938069,60.027477264404297,44.343456268310547,17.557096481323242,32.152000427246094,3.6812674766226738
2022-10-21,12819.2001953125,12931.2001953125,12954.01953125,12813.599609375,2336.68994140625,364.8028564453125,35923505,60.187984466552734,43.773445129394531,17.600214004516602,32.094001770019531,5.9023111181712107
2022-10-24,12856.98046875,12913.580078125,13027.83984375,12856.76953125,2351.550048828125,362.46142578125,46714078,57.865436553955078,43.809638977050781,17.608835220336914,32.180000305175781,2.7480241215632528
2022-10-25,12666.1201171875,12830.2900390625,12843.3095703125,12629.48046875,2404.68994140625,347.47592163085938,76416687,57.723808288574219,42.886760711669922,17.56572151184082,32.311298370361328,7.3531186812465066
2022-10-26,12729.0498046875,12666.419921875,12791.9697265625,12635.51953125,2376.330078125,352.1588134765625,58850484,57.440578460693359,43.140094757080078,17.858913421630859,32.227001190185547,5.130839813038568
2022-10-27,12926.3701171875,12807.6904296875,12954.3203125,12807.6904296875,2340.60009765625,361.05645751953125,45684455,57.544429779052734,43.719154357910156,17.884782791137695,31.962900161743164,1.8836154615961664
2022-10-28,12788.419921875,12874.830078125,12891.3798828125,12723.98046875,2433.659912109375,355.4368896484375,40184472,58.545204162597656,43.203433990478516,17.798547744750977,32.042999267578125,5.5582011173822554
2022-10-31,12949.75,12862.3701171875,12977.6103515625,12826.33984375,2384.449951171875,365.27114868164062,38409054,58.110904693603516,44.008686065673828,17.850292205810547,32.113998413085938,2.1801753491279552
2022-11-01,13037.2099609375,12933.1201171875,13062.900390625,12907.6103515625,2402.75,366.67599487304688,41426496,58.139225006103516,44.162506103515625,18.040002822875977,32.247699737548828,2.2622858973760929
2022-11-02,13100.169921875,13033.150390625,13100.169921875,13014.0400390625,2328.469970703125,369.95413208007812,22535650,57.138458251953125,44.352508544921875,17.979640960693359,32.124000549316406,-0.77062505275494741
2022-11-03,12986.599609375,12985.5498046875,12991.3701171875,12905.349609375,2292.85009765625,359.65158081054688,39731333,56.911869049072266,44.099170684814453,17.884782791137695,32.247501373291016,2.0579735076029948
2022-11-04,13026.7099609375,12941.7802734375,13029.9404296875,12868.25,2398.239990234375,357.77841186523438,28397417,58.988948822021484,44.017738342285156,18.031379699707031,32.150001525878906,6.0150490774911525
2022-11-07,13223.73046875,13109.349609375,13246.58984375,13103.349609375,2450.6201171875,365.27114868164062,35387706,59.2532958984375,45.094429016113281,18.272832870483398,31.999000549316406,3.8158231136643073
2022-11-08,13347.759765625,13274.91015625,13389.25,13274.91015625,2503.389892578125,373.70046997070312,31838223,61.387012481689453,45.374912261962891,18.393560409545898,31.850000381469727,4.6386894355458175
2022-11-09,13638.8095703125,13410.1904296875,13638.8095703125,13410.1904296875,2424.820068359375,390.55917358398438,52260831,61.368141174316406,46.686843872070312,18.514286041259766,31.789800643920898,-0.09805910243190219
2022-11-10,13503.759765625,13556.509765625,13559.400390625,13463.849609375,2672.5,381.6614990234375,32044942,66.881828308105469,46.234455108642578,18.376312255859375,31.91200065612793,11.844288947795057
2022-11-11,14007.5595703125,13878.9501953125,14045.509765625,13878.9501953125,2754.89990234375,413.50567626953125,80016195,69.704757690429688,48.677371978759766,18.962697982788086,31.402000427246094,5.8688649946952776
2022-11-14,14174.900390625,14080.91015625,14217.2998046875,14076.9404296875,2728.050048828125,416.78369140625,61933190,68.732322692871094,49.084529876708984,19.178281784057617,31.096599578857422,2.5635868665362382
2022-11-15,14546.3095703125,14325.490234375,14568.509765625,14278.5302734375,2810.610107421875,449.56442260742188,113379796,75.964317321777344,51.210769653320312,19.299009323120117,30.888999938964844,4.3882333707226273
2022-11-16,14537.349609375,14637.849609375,14657.66015625,14481.0595703125,2690.820068359375,456.12057495117188,85726375,75.010749816894531,51.36004638671875,19.128536224365234,31.079000473022461,2.2211782176499328
2022-11-17,14535.23046875,14489.41015625,14545.8896484375,14383.5498046875,2719.10009765625,454.24737548828125,45144984,76.927322387695312,51.220100402832031,19.0029296875,31.034999847412109,5.1162678044152088
2022-11-18,14504.990234375,14584.3095703125,14669.98046875,14470.48046875,2724.030029296875,456.12057495117188,35859717,77.673179626464844,51.453342437744141,18.868349075317383,31.024999618530273,5.6654972663347847
2022-11-21,14449.3896484375,14514.7099609375,14530.759765625,14421.650390625,2675.830078125,451.43771362304688,29710180,75.463943481445312,51.03350830078125,18.95806884765625,31.111299514770508,4.0135229010737739
2022-11-22,14542.2001953125,14404.080078125,14542.7900390625,14371.08984375,2756.820068359375,459.86697387695312,37343127,77.928085327148438,51.36004638671875,19.074705123901367,31.131000518798828,5.5078708651766783
2022-11-23,14608.5400390625,14595.5,14647.98046875,14573.41015625,2786.419921875,460.8035888671875,33475337,77.389930725097656,51.546638488769531,19.388729095458984,31.107200622558594,4.4863433963132193
2022-11-24,14784,14649.7998046875,14784,14649.7998046875,2786.419921875,464.54995727539062,27396552,77.389930725097656,51.966480255126953,19.397703170776367,31.079700469970703,3.5520864294022125
2022-11-25,14778.509765625,14764.9404296875,14835.66015625,14756.009765625,2751.27001953125,466.42315673828125,39949969,76.851783752441406,52.013130187988281,19.451534271240234,30.913000106811523,1.8696934329500925
2022-11-28,14556.8701171875,14636.900390625,14638.1904296875,14503.1201171875,2678.780029296875,450.03280639648438,38926919,74.793594360351562,51.126800537109375,19.343868255615234,30.928499221801758,2.8037775064729376
2022-11-29,14709.6396484375,14503.7900390625,14716.580078125,14449.0498046875,2670.64990234375,456.12057495117188,38182197,74.8974609375,51.36004638671875,19.666866302490234,31.006099700927734,1.8273793688463824
2022-11-30,14879.5498046875,14678.23046875,14879.5498046875,14678.23046875,2826.85009765625,458.930419921875,57111603,78.343505859375,51.733234405517578,19.944999694824219,30.945999145507812,5.6551477146806084
2022-12-01,15012.7998046875,15059.919921875,15152.3798828125,14998.0302734375,2804.699951171875,466.8914794921875,41746878,78.060279846191406,52.712852478027344,19.918085098266602,30.777999877929688,2.9163901723093133
2022-12-02,14970.6796875,14933.2001953125,15021.73046875,14921.0595703125,2771.239990234375,461.27191162109375,28319679,76.946212768554688,52.479610443115234,19.810419082641602,30.587799072265625,2.0489319310515341
2022-12-05,14980.740234375,14972.169921875,15088.0595703125,14969.9697265625,2738.050048828125,457.99383544921875,28360444,77.059494018554688,52.572906494140625,19.711725234985352,30.538000106811523,2.7630790821151496
2022-12-06,14728.8798828125,14955.2900390625,14957.8203125,14728.8798828125,2673.530029296875,447.69125366210938,40561068,75.114601135253906,51.593288421630859,19.568172454833984,30.562999725341797,2.5585161687613267
2022-12-07,14630.009765625,14708.080078125,14823.150390625,14630.009765625,2673.25,444.88153076171875,36563503,74.812477111816406,51.266750335693359,19.657892227172852,30.633499145507812,3.0282353935540351
2022-12-08,14553.0400390625,14631.2099609375,14634.16015625,14464.2001953125,2744.72998046875,441.60345458984375,27238567,76.285308837890625,50.660320281982422,19.523311614990234,30.636999130249023,5.848489916726507
2022-12-09,14705.4296875,14620.26953125,14742.7900390625,14620.26953125,2721.02001953125,450.96932983398438,25915337,76.181465148925781,51.36004638671875,19.630975723266602,30.46299934387207,2.9212307498279522
2022-12-12,14612.58984375,14658.4599609375,14658.4599609375,14538.66015625,2779.2099609375,444.88153076171875,20973334,75.935997009277344,50.800262451171875,19.523311614990234,30.693700790405273,4.7810084376029405
2022-12-13,14522.9599609375,14617.8603515625,14658.7001953125,14515.740234375,2821.530029296875,441.60345458984375,33272826,76.011512756347656,50.473724365234375,19.514339447021484,30.680000305175781,5.6166209898690589
2022-12-14,14739.3603515625,14557.5595703125,14739.3603515625,14557.5595703125,2777.27001953125,450.03280639648438,30636639,75.548896789550781,51.220100402832031,19.648920059204102,30.60099983215332,2.7423665615890602
2022-12-15,14734.1298828125,14692.919921875,14756.3798828125,14649.5400390625,2661.409912109375,452.62326049804688,24222008,73.688865661621094,51.266750335693359,19.613033294677734,30.48430061340332,-0.74069413853095067
2022-12-16,14528.5498046875,14554.2099609375,14568.3095703125,14447.76953125,2636.10009765625,443.67434692382812,47601400,72.445068359375,50.567020416259766,19.469480514526367,30.809999465942383,0.6158022404530783
2022-12-19,14433.3203125,14478.4501953125,14493.7197265625,14411.8095703125,2599.860107421875,439.43545532226562,21075559,72.255157470703125,50.193828582763672,19.424619674682617,30.77079963684082,1.1911508883081234
2022-12-20,14170.0302734375,14410.75,14451.91015625,14157.990234375,2583.639892578125,430.95758056640625,31139235,71.799415588378906,49.214214324951172,19.254146575927734,30.785699844360352,2.5806416677578659
2022-12-21,14234.400390625,14205.0595703125,14291.98046875,14197.8603515625,2644.5,432.37054443359375,36182644,73.242637634277344,49.307510375976562,19.299009323120117,30.724000930786133,4.0915897634365761
2022-12-22,14442.9404296875,14323.0400390625,14442.9404296875,14323.0400390625,2533.330078125,440.84848022460938,14047382,71.476585388183594,50.007236480712891,19.334896087646484,30.679000854492188,-0.51773692933971827
2022-12-23,14271.6298828125,14318.1201171875,14318.1201171875,14192.98046875,2535.489990234375,428.60263061523438,24927413,71.106292724609375,49.214214324951172,19.334896087646484,30.739999771118164,1.9969205014888747
2022-12-26,14285.1298828125,14271.2001953125,14301.1103515625,14253.2001953125,2535.489990234375,430.015625,8793306,71.106292724609375,49.260860443115234,19.361814498901367,30.745100021362305,1.6786346759554149
2022-12-27,14328.4296875,14310.1904296875,14410.240234375,14310.1904296875,2490.169921875,430.486572265625,10264001,70.565109252929688,49.447456359863281,19.397703170776367,30.718999862670898,0.70881282274073421
2022-12-28,14173.099609375,14249.830078125,14249.830078125,14119.2998046875,2453.489990234375,424.83465576171875,32578949,69.368751525878906,48.514484405517578,19.316953659057617,30.722099304199219,0.32861698466022382
2022-12-29,14085.01953125,14097.509765625,14120.5703125,13981.6298828125,2534.949951171875,420.12478637695312,23020759,72.16021728515625,48.281246185302734,19.15545654296875,30.728000640869141,5.5562192416826583
2022-12-30,14137.6904296875,14183.51953125,14248.900390625,14137.6904296875,2532.110107421875,422.479736328125,21683478,70.726509094238281,47.954704284667969,19.290037155151367,30.680099487304688,2.7219129731566039
2023-01-03,14224.1201171875,14108.16015625,14237.9404296875,14001.9697265625,2500.989990234375,426.71868896484375,14885824,70.289756774902344,48.841022491455078,19.281063079833984,30.720100402832031,1.2052408885022015
2023-01-04,14199.1298828125,14186.9501953125,14257.4501953125,14177.9697265625,2569.4599609375,423.4217529296875,19188422,72.46405029296875,48.794376373291016,19.388729095458984,30.650299072265625,4.9093391210824899
2023-01-05,14301.0498046875,14285.1201171875,14357.599609375,14270.9296875,2518.52001953125,431.8995361328125,23549581,71.903846740722656,49.167564392089844,19.460506439208984,30.687999725341797,2.1804861745335691
2023-01-06,14373.33984375,14278.51953125,14384.919921875,14278.51953125,2636.10009765625,431.8995361328125,20886011,74.125625610351562,49.494102478027344,19.586114883422852,30.62299919128418,5.1146752063749634
2023-01-09,14752.2099609375,14504.4697265625,14752.2099609375,14504.4697265625,2686.75,453.09414672851562,46666263,76.252456665039062,50.753616333007812,19.971916198730469,30.561500549316406,2.8655749839839206
2023-01-10,14802.9599609375,14796.26953125,14816.1298828125,14728.5595703125,2721.2900390625,457.8040771484375,32646014,77.163963317871094,51.499992370605469,19.989860534667969,30.461999893188477,2.6888470276705378
2023-01-11,14751.4404296875,14822.8603515625,14842.740234375,14734.4404296875,2755.360107421875,456.39114379882812,21051115,77.648178100585938,51.36004638671875,19.900140762329102,30.432600021362305,3.5531025801076588
2023-01-12,14731.6396484375,14780.580078125,14813.3095703125,14700.73046875,2789.64990234375,458.27511596679688,20963689,82.604461669921875,51.453342437744141,19.810419082641602,30.434999465942383,9.718667202985575
2023-01-13,14824.1298828125,14923.0498046875,14962.3095703125,14822.150390625,2800.659912109375,470.99188232421875,77606949,82.414573669433594,51.966480255126953,19.828365325927734,30.32550048828125,6.1276547578996698
2023-01-16,14927.009765625,14895.259765625,14960.919921875,14895.259765625,2800.659912109375,475.70181274414062,34373918,82.414573669433594,52.106418609619141,19.953971862792969,30.279300689697266,4.9168025219270772
2023-01-17,14932.9296875,14922.33984375,14945.23046875,14884.7802734375,2807.47998046875,473.81784057617188,27770329,84.493911743164062,52.059772491455078,20.061637878417969,30.329000473022461,8.1688222676355782
2023-01-30,15493.8203125,15291.5302734375,15493.8203125,15291.5302734375,2866.68994140625,511.49725341796875,124428936,88.424751281738281,54.672092437744141,20.348745346069336,30.256000518798828,4.6097238167865928
2023-01-31,15265.2001953125,15419.2099609375,15441.98046875,15265.2001953125,2921.919921875,491.71542358398438,72530854,88.044960021972656,53.645824432373047,20.061637878417969,30.094999313354492,7.7742484501515108
2023-02-01,15420.1298828125,15346.349609375,15420.1298828125,15291.6796875,3073.469970703125,499.25137329101562,33710990,89.953407287597656,54.112312316894531,20.097526550292969,30.031000137329102,8.2176607266902337
2023-02-02,15595.16015625,15508.830078125,15602.08984375,15496.51953125,3141.840087890625,508.671142578125,43077053,91.766914367675781,55.371822357177734,20.151357650756836,29.533000946044922,6.5581332214044163
2023-02-03,15602.66015625,15591.9501953125,15617.73046875,15504.0302734375,3082.110107421875,510.55511474609375,31635865,89.877456665039062,55.418472290039062,20.106496810913086,29.542999267578125,4.0142213734368992
2023-02-06,15392.8203125,15514.7998046875,15514.7998046875,15392.8203125,3029.739990234375,495.48348999023438,30870136,87.1904296875,54.672092437744141,20.007804870605469,29.965799331665039,5.4618760237105102
2023-02-07,15400.91015625,15376.1201171875,15462.099609375,15363.650390625,3124.14990234375,492.65756225585938,23481767,89.773017883300781,54.578792572021484,20.016777038574219,29.998300552368164,9.3269718473442342
2023-02-08,15618.169921875,15538.7099609375,15631.2197265625,15520.0498046875,3055.6298828125,508.671142578125,35096191,89.516639709472656,55.651714324951172,19.971916198730469,30.027099609375,5.6841968124834219
2023-02-09,15598.7099609375,15590,15617.33984375,15553.83984375,3059.6201171875,508.671142578125,18861972,91.804885864257812,55.278522491455078,19.962945938110352,30.041500091552734,8.4377019351949745
2023-02-10,15586.650390625,15627.330078125,15628.2998046875,15546.1103515625,3011.14990234375,513.3812255859375,28495684,90.551589965820312,55.558414459228516,20.016777038574219,30.003000259399414,5.8402310732243112
2023-02-13,15544.2802734375,15564.759765625,15569.990234375,15465.5595703125,3057.320068359375,509.61325073242188,22768977,91.254173278808594,55.185226440429688,20.214164733886719,30.18079948425293,8.0868247389853423
2023-02-14,15654.48046875,15584.740234375,15669.6298828125,15584.740234375,3121.6298828125,513.3812255859375,21883297,93.010726928710938,55.745006561279297,20.223138809204102,30.219999313354492,9.5008529270704791
2023-02-15,15432.8896484375,15497.669921875,15553.6796875,15388.849609375,3133.070068359375,494.54141235351562,61796793,88.073455810546875,54.392200469970703,20.106496810913086,30.248699188232422,7.7405210052223339
2023-02-16,15550.5,15474.4599609375,15585.48046875,15474.4599609375,3055.239990234375,497.36740112304688,29975138,86.231460571289062,55.185226440429688,20.232109069824219,30.302000045776367,5.0726572058598318
2023-02-17,15479.7001953125,15503.75,15503.75,15418.4296875,3005.8701171875,487.9476318359375,28121975,85.547828674316406,54.532146453857422,20.241077423095703,30.253000259399414,6.0801739456065151
2023-02-20,15551.23046875,15452.009765625,15575.3203125,15436.66015625,3005.8701171875,487.00564575195312,20065156,85.547828674316406,54.765392303466797,20.402578353881836,30.373300552368164,6.7079995721832208
2023-02-21,15563,15535.6396484375,15567.740234375,15496.73046875,2906.260009765625,486.06362915039062,13504100,83.212120056152344,54.672092437744141,20.232109069824219,30.364500045776367,3.9655827641616792
2023-02-22,15418.76953125,15541.169921875,15541.169921875,15345.9296875,2892.389892578125,477.58578491210938,24575245,82.44305419921875,54.065662384033203,20.205192565917969,30.484500885009766,5.2474942972394301
2023-02-23,15615.41015625,15463.4599609375,15657.6298828125,15463.4599609375,2988.81005859375,487.9476318359375,25376835,85.528854370117188,54.951984405517578,20.294914245605469,30.475299835205078,6.8359517058707686
2023-02-24,15503.7900390625,15669.8798828125,15717.9599609375,15503.7900390625,2935.110107421875,481.35372924804688,41692491,83.658378601074219,54.765392303466797,20.187246322631836,30.283000946044922,5.2625794456206298
2023-03-01,15598.490234375,15435.3798828125,15617.0302734375,15387.3798828125,2955.830078125,491.71542358398438,39560848,83.952713012695312,55.23187255859375,20.142387390136719,30.64579963684082,4.6458133529272638
2023-03-02,15598.7197265625,15580.2802734375,15618.0595703125,15492.3701171875,2984.110107421875,488.88955688476562,16558784,84.531906127929688,55.185226440429688,20.061637878417969,30.560699462890625,5.6825265265322278
2023-03-03,15608.419921875,15621.3603515625,15713.419921875,15606.849609375,3028.340087890625,486.06362915039062,23253895,85.253501892089844,55.185226440429688,20.043691635131836,30.601499557495117,7.3474682722452389
2023-03-06,15763.509765625,15675.2802734375,15818.8798828125,15675.2802734375,2994.590087890625,490.7735595703125,21922085,85.054115295410156,55.884956359863281,20.205192565917969,30.498600006103516,5.711947625657765
2023-03-07,15857.8896484375,15763.8701171875,15879.16015625,15749.0400390625,2962.419921875,493.59954833984375,24861078,84.360992431640625,56.118198394775391,20.250051498413086,30.575000762939453,4.5113358241513302
2023-03-08,15818.2001953125,15819.1796875,15821.490234375,15740.98046875,3041.389892578125,490.7735595703125,24512408,86.240966796875,55.6983642578125,20.223138809204102,30.726299285888672,7.9873071738097989
2023-03-09,15770.66015625,15827.98046875,15878.75,15770.66015625,2980.2099609375,491.71542358398438,21557577,84.38946533203125,55.978252410888672,20.169303894042969,30.724800109863281,5.4613839365175609
2023-03-10,15526.2001953125,15729.2900390625,15729.2900390625,15488.7099609375,2923.929931640625,483.2376708984375,24045605,82.841835021972656,54.718742370605469,19.909111022949219,30.813899993896484,5.6490490458652953
2023-03-13,15560.490234375,15514.0302734375,15571.169921875,15349.669921875,2921.7099609375,486.06362915039062,21466947,83.30706787109375,54.812038421630859,19.801446914672852,30.828699111938477,5.6754044232820711
2023-03-14,15360.419921875,15517.740234375,15517.740234375,15348.1201171875,3010.14990234375,480.41171264648438,20474770,84.778739929199219,54.438850402832031,19.496395111083984,30.454999923706055,7.4884916461477102
2023-03-15,15387.58984375,15425.990234375,15526.73046875,15387.58984375,2977.389892578125,481.35372924804688,23208597,82.319618225097656,54.672092437744141,19.469480514526367,30.378999710083008,3.9064416141960434
2023-03-16,15221.1201171875,15334.25,15334.25,15186.740234375,3098.070068359375,478.2755126953125,21965994,85.229637145996094,54.252254486083984,19.137510299682617,30.520000457763672,8.7744823083988344
2023-03-17,15452.9599609375,15337.9697265625,15452.9599609375,15337.9697265625,3083.52001953125,490.58755493164062,33118483,85.391891479492188,54.998634338378906,19.200315475463867,30.548999786376953,6.3474541227945602
2023-03-20,15419.9697265625,15454.75,15488.98046875,15399.0703125,3114.7099609375,484.90505981445312,11837312,85.935920715332031,54.998634338378906,19.074705123901367,30.618000030517578,8.5237602631494269
2023-03-21,15513.4501953125,15437.9501953125,15547.9697265625,15437.9501953125,3116.889892578125,489.6405029296875,18284799,88.283775329589844,55.23187255859375,19.254146575927734,30.506000518798828,10.006622405284515
2023-03-22,15760.4599609375,15535.169921875,15760.4599609375,15535.169921875,3091.7099609375,504.79376220703125,42385987,88.398323059082031,56.491386413574219,19.532283782958984,30.480100631713867,6.7521029077424188
2023-03-23,15863.9501953125,15711.599609375,15882.75,15680.83984375,3174.360107421875,509.52923583984375,26728246,90.278511047363281,57.051170349121094,19.613033294677734,30.350000381469727,7.548405547713144
2023-03-24,15914.7001953125,15869.83984375,15921.9697265625,15845.990234375,3121.260009765625,510.4761962890625,21926240,88.560562133789062,57.191112518310547,19.586114883422852,30.13800048828125,4.5705278417811135
2023-03-27,15830.3095703125,15873.669921875,15902.0595703125,15821.6298828125,3083.580078125,502.899658203125,16111177,86.527656555175781,57.097816467285156,19.595087051391602,30.320999145507812,4.3391045381297344
2023-03-28,15701.48046875,15790.7001953125,15846.5400390625,15685.58984375,3057.27001953125,497.21713256835938,17234120,86.670799255371094,56.304790496826172,19.595087051391602,30.163000106811523,5.1553197168957565
2023-03-29,15769.759765625,15766.2900390625,15811.2001953125,15681.099609375,3157.110107421875,501.95242309570312,17280749,88.531936645507812,56.351444244384766,19.639947891235352,30.344999313354492,7.0420794126006214
2023-03-30,15849.4296875,15824.650390625,15885.2099609375,15791.75,3208.260009765625,506.68792724609375,19201564,88.255149841308594,56.864574432373047,19.586114883422852,30.516000747680664,6.3058373299659021
2023-03-31,15868.0595703125,15874.1904296875,15951.7998046875,15857.1904296875,3230.860107421875,504.79376220703125,23558838,88.780067443847656,57.144466400146484,19.630975723266602,30.351999282836914,6.7625135304551609
2023-04-06,15810.76953125,15838.0703125,15838.0703125,15733.2900390625,3071.77001953125,501.95242309570312,25423363,86.126785278320312,56.631332397460938,19.747613906860352,30.540800094604492,4.8059860236830731
2023-04-07,15836.5,15856.1904296875,15877.990234375,15811.1904296875,3071.77001953125,502.899658203125,8557482,86.126785278320312,56.258140563964844,19.675838470458984,30.510400772094727,4.5044550414996554
2023-04-10,15876.169921875,15850.9404296875,15919.759765625,15850.9404296875,3126.969970703125,501.00546264648438,7435151,84.96240234375,56.864574432373047,19.783500671386719,30.392999649047852,3.083197974547125
2023-04-11,15913.8798828125,15886.4599609375,15945.6298828125,15838.099609375,3109.419921875,496.27008056640625,22675697,85.172370910644531,56.911224365234375,19.873224258422852,30.522199630737305,4.7674727838054487
2023-04-12,15932.9697265625,15914.150390625,15944.3203125,15867.01953125,3052.52001953125,492.48171997070312,23816473,82.910400390625,56.491386413574219,19.864250183105469,30.479900360107422,2.6271896091166314
2023-04-13,15804.759765625,15888.6298828125,15913.2001953125,15800.419921875,3074.93994140625,483.01089477539062,25536889,83.082183837890625,56.164844512939453,19.962945938110352,30.446500778198242,4.7413961977417207
2023-04-14,15929.4296875,15854.25,15973.8203125,15854.25,3070.449951171875,488.6934814453125,18072504,83.225349426269531,56.724628448486328,20.115470886230469,30.451000213623047,3.7171654372389229
2023-04-17,15963.5498046875,15934.6396484375,15963.5498046875,15894.76953125,3066.679931640625,492.48171997070312,14634287,83.979354858398438,56.071548461914062,20.115470886230469,30.506000518798828,4.0393638582603586
2023-04-18,15869.4404296875,15967.8896484375,15967.8896484375,15851.7099609375,3077.719970703125,487.74630737304688,15168888,84.122512817382812,56.118198394775391,20.115470886230469,30.466499328613281,5.0922761086877211
2023-04-19,15770.4697265625,15874.650390625,15915.3896484375,15756.75,3046.3798828125,483.01089477539062,21123233,83.253990173339844,55.605060577392578,20.052665710449219,30.451900482177734,4.9766061563345954
2023-04-20,15707.51953125,15771.4501953125,15804.3798828125,15686.5400390625,3046.280029296875,485.8521728515625,17221961,85.220077514648438,55.791656494140625,19.927055358886719,30.537500381469727,7.1275706904183611
2023-04-21,15602.990234375,15776.5400390625,15802.9296875,15592.9599609375,3021.43994140625,483.95797729492188,25016683,81.478775024414062,55.045284271240234,19.927055358886719,30.559299468994141,2.8987806030321694
2023-04-24,15626.8701171875,15555.099609375,15643.8603515625,15529.3896484375,3007.510009765625,480.16964721679688,16886512,80.78204345703125,54.951984405517578,20.034721374511719,30.625,3.0448340586006317
2023-04-25,15370.73046875,15606.830078125,15639.490234375,15353.2197265625,2906.2900390625,471.64593505859375,36898412,78.539154052734375,54.112312316894531,19.971916198730469,30.572000503540039,1.8178628826519772
2023-04-26,15374.6298828125,15352.0302734375,15398.400390625,15284.4599609375,2922.989990234375,465.48992919921875,31269245,78.500984191894531,53.552528381347656,19.989860534667969,30.693700790405273,3.524719629633144
2023-04-27,15411.490234375,15374.3896484375,15455.8798828125,15306.6904296875,2941.590087890625,467.3841552734375,29537148,79.856254577636719,54.112312316894531,19.927055358886719,30.628299713134766,4.6617122799691657
2023-04-28,15579.1796875,15477.33984375,15580.6298828125,15477.33984375,2994.969970703125,475.43429565429688,24824100,80.457534790039062,54.532146453857422,20.016777038574219,30.626800537109375,3.6591971696475989
2023-05-02,15636.48046875,15588.6796875,15651.23046875,15532.6298828125,2996.860107421875,474.48721313476562,15325791,79.178604125976562,54.812038421630859,20.088554382324219,30.728799819946289,2.5554918597504805
2023-05-03,15553.41015625,15629.509765625,15629.509765625,15530.7900390625,2957.3701171875,469.75177001953125,11369311,78.930465698242188,54.625442504882812,20.079582214355469,30.754800796508789,3.3520639730289403
2023-05-04,15609.0302734375,15548.01953125,15622.41015625,15523.5,2941.6298828125,471.64593505859375,13140291,79.684455871582031,54.765392303466797,20.124443054199219,30.646799087524414,3.5553718571408766
2023-05-05,15626.0703125,15627.9296875,15673.6201171875,15578.669921875,3007.68994140625,473.54010009765625,7488897,81.097000122070312,54.905330657958984,20.160331726074219,30.627899169921875,4.904769087546379
2023-05-08,15699.5703125,15648.5400390625,15757.7998046875,15648.5400390625,3024.409912109375,477.32843017578125,11243634,81.641021728515625,55.371822357177734,20.312856674194336,30.577999114990234,4.5996396754375724
2023-05-09,15727.7001953125,15702.259765625,15744.26953125,15635.900390625,2967.840087890625,483.01089477539062,16197743,81.182907104492188,55.511764526367188,20.366691589355469,30.58799934387207,2.8226375887682842
2023-05-10,15641.759765625,15708.48046875,15711.3896484375,15579.490234375,2997.510009765625,476.38134765625,18859212,81.030197143554688,54.718742370605469,20.303884506225586,30.649799346923828,4.2676962778035676
2023-05-11,15514.6396484375,15666.490234375,15675.3701171875,15501.580078125,2978.719970703125,472.593017578125,13382927,79.627182006835938,54.765392303466797,20.339773178100586,30.614400863647461,3.1643879163705924
2023-05-12,15502.3603515625,15477.1201171875,15545.990234375,15424.419921875,2972.85009765625,469.75177001953125,18465362,79.627182006835938,54.578792572021484,20.205192565917969,30.697900772094727,4.0714474330024952
2023-05-15,15475.0498046875,15489.1796875,15510.08984375,15434.51953125,3052.639892578125,469.27822875976562,13315766,81.755561828613281,54.345554351806641,20.196218490600586,30.809999465942383,7.3516162441395583
2023-05-16,15673.900390625,15550.5703125,15723.9501953125,15550.5703125,3048.7099609375,478.2755126953125,21140315,81.965522766113281,55.138576507568359,20.384634017944336,30.743000030517578,5.3729911740349356
2023-05-17,15925.2900390625,15702.740234375,15961.9697265625,15698.6298828125,3124.679931640625,491.53469848632812,41406763,86.737617492675781,55.978252410888672,20.59996223449707,30.777799606323242,8.6227693686917526
2023-05-18,16101.8798828125,16060.259765625,16128.7197265625,16015.6201171875,3223.489990234375,501.95242309570312,43096277,88.42694091796875,56.957870483398438,20.725574493408203,30.791299819946289,8.4875906434950021
2023-05-19,16174.919921875,16146.2900390625,16189.8095703125,16099.900390625,3203.489990234375,503.84677124023438,32099068,88.360130310058594,56.957870483398438,20.77940559387207,30.690299987792969,7.6437941440410384
2023-05-22,16180.8896484375,16168.740234375,16202.919921875,16131.5498046875,3215.0400390625,502.899658203125,17208135,87.539337158203125,56.957870483398438,20.86015510559082,30.620000839233398,6.5999760997037304
2023-05-23,16188.0302734375,16186.150390625,16239.5,16121.4501953125,3177.43994140625,501.95242309570312,19588873,86.31768798828125,56.631332397460938,20.86015510559082,30.660999298095703,5.4516902020147251
2023-05-24,16159.3203125,16186.6201171875,16186.6201171875,16070.16015625,3124.090087890625,497.21713256835938,19086681,86.02178955078125,56.398090362548828,20.761463165283203,30.805400848388672,6.5906838374369725
2023-05-25,16292,16163.9501953125,16323.76953125,16163.9501953125,3336.719970703125,514.2646484375,63827245,96.348617553710938,57.984138488769531,20.573047637939453,30.808399200439453,15.440432509758484
2023-05-26,16505.05078125,16509.140625,16537.7890625,16457.740234375,3545.669921875,536.04742431640625,95808471,98.505592346191406,59.290294647216797,20.590991973876953,30.759799957275391,13.050158541691893
2023-05-29,16636.30078125,16610.859375,16683.759765625,16597.380859375,3545.669921875,537.94158935546875,54657853,98.505592346191406,59.616840362548828,20.761463165283203,30.684999465942383,12.378150652258846
2023-05-30,16622.740234375,16648.76953125,16681.189453125,16579.130859375,3549.389892578125,536.04742431640625,40136130,97.331680297851562,59.850082397460938,20.68968391418457,30.535999298095703,10.89019315960198
2023-05-31,16578.9609375,16593.529296875,16636.650390625,16491.900390625,3453.179931640625,528.4708251953125,81176782,94.096199035644531,59.430248260498047,20.671743392944336,30.561300277709961,8.831067170328355
2023-06-01,16512.650390625,16511,16555.5,16477.4296875,3506.739990234375,521.841064453125,24477529,94.334793090820312,59.383598327636719,20.573047637939453,30.645900726318359,10.799049788414949
2023-06-02,16706.91015625,16525,16752.19921875,16525,3501.39990234375,532.25909423828125,30206141,94.430244445800781,60.549812316894531,20.626882553100586,30.582799911499023,8.5163711711798928
2023-06-05,16714.4296875,16714.48046875,16781.189453125,16703.599609375,3444.1201171875,525.62957763671875,16827391,93.580802917480469,59.756786346435547,20.91398811340332,30.666999816894531,9.1963842232130499
2023-06-06,16761.66015625,16712.98046875,16793.810546875,16699.830078125,3488.340087890625,530.36505126953125,20228086,95.270126342773438,59.990028381347656,20.86015510559082,30.64579963684082,10.098853470395476
2023-06-07,16922.48046875,16771.759765625,16922.48046875,16771.759765625,3477.179931640625,537.94158935546875,27604813,95.718696594238281,60.643104553222656,21.030628204345703,30.631799697875977,9.0094537932815513
2023-06-08,16733.689453125,16864.1796875,16899.509765625,16694.2109375,3514.320068359375,529.41790771484375,23080195,95.384666442871094,60.643104553222656,20.878101348876953,30.712900161743164,10.67021703387443
2023-06-09,16886.400390625,16775.919921875,16895.990234375,16775.919921875,3524.969970703125,535.10040283203125,19091713,98.114288330078125,60.643104553222656,21.030628204345703,30.64579963684082,12.382304545513101
2023-06-12,16955.369140625,16899.490234375,16999.720703125,16899.490234375,3641.659912109375,543.6241455078125,26392389,102.18013000488281,61.062938690185547,20.98576545715332,30.660999298095703,15.261432747159521
2023-06-13,17216.599609375,17135.83984375,17254.9609375,17129.23046875,3683.659912109375,561.61859130859375,56174363,101.93196868896484,62.975532531738281,20.994735717773438,30.711299896240234,11.480043854205913
2023-06-14,17238.140625,17190.69921875,17259.23046875,17182.1796875,3739.75,558.77734375,23583314,102.51416015625,62.555698394775391,20.976791381835938,30.577999114990234,12.197745080167444
2023-06-15,17334.98046875,17259.369140625,17346.3203125,17259.369140625,3708.06005859375,562.345458984375,27392154,100.8062744140625,63.442020416259766,20.91398811340332,30.731300354003906,10.17810661018499
2023-06-16,17288.91015625,17342.859375,17342.859375,17250.7890625,3673.139892578125,560.4423828125,38128802,100.22163391113281,63.255428314208984,20.86912727355957,30.653299331665039,9.6320991417348409
2023-06-19,17274.560546875,17274.0703125,17306.810546875,17210.869140625,3673.139892578125,554.73321533203125,14346885,100.22163391113281,63.068832397460938,20.86015510559082,30.708000183105469,10.958055780096698
2023-06-20,17184.91015625,17233.80078125,17247.16015625,17121.58984375,3647.56005859375,554.73321533203125,16221413,99.656181335449219,63.068832397460938,20.842208862304688,30.791799545288086,10.63311423648392
2023-06-21,17202.400390625,17186.720703125,17246.76953125,17131.44921875,3549.72998046875,552.8302001953125,21703937,97.413490295410156,62.975532531738281,20.86912727355957,30.953300476074219,9.0848160781263019
2023-06-26,17059.240234375,17182.48046875,17182.48046875,17011.279296875,3515.77001953125,546.169677734375,27142262,95.947105407714844,62.322456359863281,20.86912727355957,30.996999740600586,8.9065366562048212
2023-06-27,16887.900390625,17022.150390625,17035.490234375,16887.900390625,3642.409912109375,544.2666015625,21501718,97.835174560546875,61.949264526367188,20.716602325439453,31.003999710083008,11.463085002940176
2023-06-28,16935.630859375,16906.23046875,17011.119140625,16903.7109375,3609.47998046875,546.169677734375,18175426,96.723419189453125,61.949264526367188,20.788379669189453,30.993499755859375,9.775309441186252
2023-06-29,16942.30078125,16930.41015625,17077.439453125,16911.380859375,3614.179931640625,545.2181396484375,16937929,96.455055236816406,61.99591064453125,20.815296173095703,31.056499481201172,9.884692202390255
2023-06-30,16915.5390625,16870.26953125,16919.94921875,16792.33984375,3673.06005859375,548.0726318359375,22654976,96.723419189453125,62.322456359863281,20.788379669189453,31.117300033569336,9.8311238460769843
2023-07-03,17084.19921875,16915.5390625,17103.73046875,16915.5390625,3703.6201171875,550.9271240234375,14785585,98.860687255859375,62.835582733154297,20.86015510559082,31.145999908447266,11.779392299045277
2023-07-04,17140.76953125,17084.19921875,17154.099609375,17042.599609375,3703.6201171875,556.63623046875,17219541,98.860687255859375,64.001800537109375,20.833240509033203,31.087799072265625,10.426199852932072
2023-07-05,17056.4296875,17140.76953125,17153.169921875,17020.009765625,3622.320068359375,553.78167724609375,14913592,96.790519714355469,63.208774566650391,20.842208862304688,31.077999114990234,8.6368801864652909
2023-07-06,16762.169921875,17056.4296875,17056.4296875,16749.2890625,3577.489990234375,537.60601806640625,28564891,95.276206970214844,62.602344512939453,20.582021713256836,31.224199295043945,10.672990053707853
2023-07-07,16664.2109375,16762.169921875,16762.390625,16593.83984375,3577.72998046875,537.60601806640625,18796190,96.062110900878906,62.462394714355469,20.456409454345703,31.326900482177734,11.952920435054937
2023-07-10,16652.80078125,16664.2109375,16798.810546875,16635.830078125,3651.60009765625,537.60601806640625,18454982,95.621223449707031,62.229152679443359,20.510242462158203,31.259000778198242,11.197560956523711
2023-07-11,16898.91015625,16675.689453125,16898.91015625,16675.689453125,3653.530029296875,549.02423095703125,17850636,97.049263000488281,63.255428314208984,20.725574493408203,31.360000610351562,10.86814662530533
2023-07-12,16962.029296875,16903.25,16962.029296875,16864.009765625,3721.469970703125,549.9757080078125,15588228,99.579498291015625,63.721916198730469,20.82426643371582,31.265499114990234,13.219644808191934
2023-07-13,17061.400390625,16994.58984375,17223.859375,16994.58984375,3797.1298828125,556.63623046875,25442137,101.1800537109375,65.028068542480469,20.85118293762207,31.03380012512207,12.820595988519013
2023-07-14,17283.7109375,17152.810546875,17287.400390625,17128.0703125,3750.409912109375,562.345458984375,23121873,100.76793670654297,65.028068542480469,21.03959846496582,30.957799911499023,10.947943909419333
2023-07-17,17334.2890625,17279.109375,17346.66015625,17235.919921875,3837.31005859375,562.345458984375,13807834,100.43250274658203,65.494552612304688,21.353620529174805,30.950000762939453,10.550765084670143
2023-07-18,17227.91015625,17368.359375,17401.58984375,17164.919921875,3842.360107421875,552.8302001953125,20932006,98.860687255859375,65.261306762695312,21.353620529174805,30.950000762939453,10.693603385364048
2023-07-19,17116.439453125,17265.380859375,17340.8203125,17082.5390625,3801.659912109375,552.8302001953125,22499123,98.7744140625,64.561576843261719,21.263900756835938,30.902999877929688,10.429050534417449
2023-07-20,17164.890625,17104.91015625,17214.41015625,17098.650390625,3663.85009765625,550.9271240234375,15108109,93.790672302246094,64.794822692871094,21.380537033081055,31.043300628662109,5.6971751610143784
2023-07-21,17030.69921875,17106.2890625,17106.2890625,16859.130859375,3698.85009765625,532.84844970703125,46711021,93.206016540527344,63.955158233642578,21.326705932617188,31.037799835205078,8.5828320008163761
2023-07-24,17033.609375,17036.7890625,17098.73046875,16941.150390625,3692.320068359375,530.9454345703125,25268835,94.164451599121094,64.281692504882812,21.174179077148438,31.322000503540039,11.100644562097806
2023-07-25,17198.890625,17061.880859375,17270.19921875,17061.880859375,3755.27001953125,541.41192626953125,19590349,96.148361206054688,65.307960510253906,21.326705932617188,31.299999237060547,11.170200964355615
2023-07-26,17162.55078125,17205.470703125,17247.01953125,17121.990234375,3699.3701171875,538.5574951171875,13314305,95.276206970214844,64.841468811035156,21.586896896362305,31.166000366210938,10.271543084876477
2023-07-27,17241.8203125,17189.30078125,17282.859375,17189.30078125,3768.27001953125,541.41192626953125,12200358,95.218696594238281,65.168006896972656,21.838115692138672,31.214000701904297,9.7927961360547044
2023-07-28,17292.9296875,17244.509765625,17328.2109375,17179.939453125,3851.760009765625,539.509033203125,18540078,96.665901184082031,65.401260375976562,21.748395919799805,31.296300888061523,12.14956350633094
2023-07-31,17145.4296875,17341.0390625,17463.759765625,17081.48046875,3861.6298828125,537.60601806640625,24208467,95.027030944824219,65.401260375976562,21.757366180419922,31.353500366210938,10.840650937819607
2023-08-01,17212.869140625,17141.970703125,17252.3203125,17095.859375,3858.2099609375,539.509033203125,16259643,94.308212280273438,64.88812255859375,21.972696304321289,31.398899078369141,9.7729178719733412
2023-08-02,16893.73046875,17207.220703125,17212.55078125,16844.5703125,3711.60009765625,533.7999267578125,25583234,91.720481872558594,62.975532531738281,21.622785568237305,31.594999313354492,8.5765814688403488
2023-08-04,16843.6796875,16847.240234375,16887.380859375,16748.509765625,3699.199951171875,527.13922119140625,26279173,92.161369323730469,63.162120819091797,21.551008224487305,31.640499114990234,10.636113091078837
2023-08-07,16996,16870.810546875,17032.3203125,16868.740234375,3739.409912109375,530.9454345703125,14369551,92.34344482421875,64.235038757324219,21.640729904174805,31.652000427246094,10.100005187726225
2023-08-08,16877.0703125,17006.4609375,17043.560546875,16812.58984375,3679.419921875,525.23638916015625,19010690,90.560798645019531,63.581962585449219,21.631757736206055,31.665500640869141,9.1947582731963351
2023-08-09,16870.939453125,16836.640625,16956.73046875,16798.5,3610.47998046875,527.13922119140625,14389090,90.072006225585938,63.581962585449219,21.613813400268555,31.795499801635742,8.6576122947475973
2023-08-10,16634.69921875,16827.109375,16827.109375,16601.169921875,3597.02001953125,524.28466796875,17892615,90.857902526855469,62.695640563964844,21.658672332763672,31.708999633789062,9.9026301536868644
2023-08-11,16601.25,16644.650390625,16766.83984375,16601.25,3514.550048828125,519.52728271484375,17608427,88.164764404296875,62.322456359863281,21.640729904174805,31.741500854492188,7.7318569316065178
2023-08-14,16393.66015625,16585.41015625,16585.41015625,16307.2802734375,3615.449951171875,514.76953125,20939030,89.199836730957031,61.66937255859375,21.111373901367188,31.893999099731445,10.532552518601923
2023-08-15,16454.80078125,16438.630859375,16546.009765625,16437.630859375,3553.9599609375,515.72113037109375,14066307,87.867645263671875,61.855972290039062,21.00370979309082,31.903999328613281,8.7149286856579078
2023-08-16,16446.779296875,16422.19921875,16446.779296875,16304.4404296875,3480.080078125,515.72113037109375,28269840,87.963493347167969,62.182510375976562,20.698657989501953,31.864900588989258,8.7001406729574136
2023-08-17,16516.66015625,16411.630859375,16550.109375,16264.650390625,3446.35009765625,517.6241455078125,22843138,87.829315185546875,62.928878784179688,20.75248908996582,31.912799835205078,8.2978597310117586
2023-08-18,16381.3095703125,16508.4609375,16583.94921875,16344.2900390625,3462.739990234375,512.86651611328125,17592345,87.311759948730469,62.275802612304688,20.77940559387207,31.896400451660156,8.6025611720301107
2023-08-21,16381.490234375,16414.140625,16485.25,16347.76953125,3560.739990234375,510.96356201171875,16633821,88.711044311523438,61.716026306152344,20.86912727355957,31.902000427246094,10.773447812420001
2023-08-22,16437.609375,16429.689453125,16535.0703125,16407.830078125,3527.68994140625,514.76953125,14594304,88.40435791015625,62.275802612304688,20.761463165283203,31.916200637817383,9.6230857901213653
2023-08-23,16576.900390625,16440.390625,16588.509765625,16440.390625,3602.010009765625,525.23638916015625,20636332,90.302024841308594,63.162120819091797,20.761463165283203,31.976999282836914,9.9538357655092327
2023-08-24,16770.869140625,16651.029296875,16822.359375,16651.029296875,3481.300048828125,536.6544189453125,23280827,88.68231201171875,64.328338623046875,20.842208862304688,31.855800628662109,5.2836220481025986
2023-08-25,16481.580078125,16708.529296875,16708.529296875,16481.580078125,3495.64990234375,519.52728271484375,24144537,89.228607177734375,63.022186279296875,20.70762825012207,31.81410026550293,9.2811850214890903
2023-08-28,16509.259765625,16498.859375,16582.9609375,16498.859375,3537.8701171875,522.38177490234375,8991985,90.091171264648438,63.068832397460938,20.98576545715332,31.812000274658203,9.7274255232604023
2023-08-29,16623.650390625,16528.490234375,16627.69921875,16495.759765625,3629.570068359375,525.23638916015625,10516678,91.126274108886719,63.115478515625,21.02165412902832,31.818000793457031,10.405749553549381
2023-08-30,16719.8203125,16666.330078125,16780.419921875,16666.330078125,3643.919921875,528.09088134765625,15117416,90.838737487792969,63.908504486083984,21.08445930480957,31.767000198364258,9.2870297032893401
2023-08-31,16634.509765625,16707.349609375,16712.220703125,16630.669921875,3670.929931640625,522.38177490234375,40431378,89.679054260253906,63.488662719726562,20.94987678527832,31.798799514770508,9.1801591902453303
2023-09-01,16644.939453125,16640.919921875,16730.130859375,16619.23046875,3682.840087890625,521.43011474609375,13669766,89.314857482910156,62.975532531738281,21.03959846496582,31.80780029296875,8.9660558402818715
2023-09-04,16789.689453125,16649.669921875,16789.689453125,16648.509765625,3682.840087890625,529.993896484375,9531157,89.314857482910156,63.442020416259766,21.102401733398438,31.863000869750977,7.3914020722519957
2023-09-05,16791.609375,16784.119140625,16791.609375,16727.439453125,3683.7900390625,525.23638916015625,12220686,90.666236877441406,63.581962585449219,21.030628204345703,31.857799530029297,9.9857838563783154
2023-09-06,16738.16015625,16796.369140625,16841.189453125,16732.689453125,3654.4599609375,523.33319091796875,14067008,88.423530578613281,64.001800537109375,20.95884895324707,31.904499053955078,7.8130910345771465
2023-09-07,16619.140625,16715.44921875,16715.44921875,16609.939453125,3582.110107421875,515.72113037109375,20717005,86.305427551269531,63.255428314208984,20.86912727355957,31.933900833129883,6.8821424012606158
2023-09-08,16576.01953125,16609.9296875,16609.9296875,16505.640625,3565.989990234375,512.86651611328125,15283568,85.912467956542969,62.835582733154297,20.95884895324707,32.031398773193359,7.3143375223735152
2023-09-11,16432.94921875,16579.830078125,16600.029296875,16398.30078125,3569.22998046875,510.01205444335938,14631968,85.8741455078125,62.182510375976562,20.976791381835938,32.084999084472656,8.0473238227756205
2023-09-12,16572.7109375,16433.8203125,16579.859375,16422.91015625,3541.090087890625,517.6241455078125,16028336,86.717536926269531,62.555698394775391,21.066513061523438,31.906499862670898,6.9058738484763182
2023-09-13,16581.509765625,16578.130859375,16653.30078125,16542.720703125,3560.4599609375,514.76953125,16191392,87.426788330078125,62.648994445800781,21.111373901367188,31.963800430297852,8.5725648003573518
2023-09-14,16807.560546875,16581.619140625,16807.560546875,16581.619140625,3584.22998046875,526.25146484375,17144287,88.121383666992188,63.442020416259766,21.353620529174805,31.894899368286133,6.8167160384952075
2023-09-15,16920.919921875,16809.740234375,16920.919921875,16787.740234375,3476.389892578125,533.906005859375,42517441,85.982666015625,64.048454284667969,21.353620529174805,31.868900299072266,2.6462703407803101
2023-09-18,16698.240234375,16893.970703125,16893.970703125,16698.240234375,3492.469970703125,516.68310546875,36684692,85.578010559082031,63.302074432373047,21.326705932617188,31.878000259399414,5.5988018159150332
2023-09-19,16636.3203125,16706.48046875,16762.51953125,16636.3203125,3459.02001953125,514.76953125,18901683,84.942184448242188,62.975532531738281,21.389511108398438,31.898500442504883,5.2715105973780263
2023-09-20,16534.75,16626.609375,16665.26953125,16522.380859375,3398.81005859375,511.89910888671875,24635567,84.094413757324219,62.648994445800781,21.22801399230957,31.979999542236328,5.0730218817005568
2023-09-21,16316.669921875,16475.419921875,16475.419921875,16300.5400390625,3338.85009765625,504.24453735351562,32012694,82.235054016113281,61.66937255859375,20.96782112121582,32.008899688720703,4.4038516991560028
2023-09-22,16344.48046875,16267.3203125,16360.9599609375,16202.4296875,3365.2900390625,499.46038818359375,29049309,82.504814147949219,61.576080322265625,20.94987678527832,32.13800048828125,6.1761781355794687
2023-09-25,16452.23046875,16345.7802734375,16498.380859375,16345.7802734375,3389.4599609375,502.3309326171875,17116402,83.082839965820312,62.275802612304688,21.057540893554688,32.131000518798828,6.2859004177403976
2023-09-26,16276.0703125,16440.259765625,16440.259765625,16276.0703125,3329.6201171875,496.58999633789062,26392692,81.204216003417969,61.576080322265625,20.95884895324707,32.102798461914062,4.9913449662680742
2023-09-27,16310.3603515625,16273.83984375,16324.2197265625,16212.8603515625,3361.409912109375,499.46038818359375,16846401,82.312126159667969,61.109592437744141,20.905014038085938,32.189800262451172,6.0989404942935588
2023-09-28,16353.740234375,16330.7099609375,16411.279296875,16311.41015625,3420.989990234375,500.41720581054688,19733331,83.246635437011719,61.66937255859375,20.976791381835938,32.225799560546875,7.2181114691207693
2023-10-02,16557.310546875,16382.9599609375,16575.310546875,16382.9599609375,3448.85009765625,509.98550415039062,25427911,84.44122314453125,62.788936614990234,20.98576545715332,32.244998931884766,6.7797860113105957
2023-10-03,16454.33984375,16520.240234375,16571.66015625,16453.80078125,3376.580078125,506.15817260742188,14490129,82.283241271972656,62.602344512939453,20.905014038085938,32.306800842285156,5.038639393583888
2023-10-04,16273.3798828125,16419.48046875,16419.48046875,16203.33984375,3424.919921875,497.54684448242188,28358964,83.497093200683594,61.99591064453125,20.573047637939453,32.311698913574219,8.4494039336410864
2023-10-05,16453.51953125,16313.8896484375,16477.609375,16313.8896484375,3406.97998046875,505.20135498046875,24945684,83.843925476074219,62.509048461914062,20.77043342590332,32.29119873046875,7.1818526692270623
2023-10-06,16520.5703125,16482.9296875,16539.130859375,16482.9296875,3475.2099609375,509.02871704101562,15336587,86.021171569824219,62.882232666015625,20.95884895324707,32.203701019287109,8.8425858040620966
2023-10-11,16672.029296875,16567.4296875,16729.5,16567.4296875,3537.830078125,520.510498046875,46639969,88.631965637207031,63.675262451171875,21.299789428710938,32.016498565673828,9.0346961817066251
2023-10-12,16825.91015625,16698.849609375,16825.91015625,16684.4296875,3548.6201171875,526.25146484375,34161176,89.036590576171875,63.768558502197266,21.425397872924805,32.059200286865234,8.4820501540505244
2023-10-13,16782.5703125,16815.91015625,16815.91015625,16726.4296875,3452.969970703125,529.1219482421875,31123496,87.148361206054688,64.048454284667969,21.308759689331055,32.1697998046875,5.9697237137532833
2023-10-16,16652.240234375,16712.9296875,16712.9296875,16614.099609375,3502.510009765625,521.46728515625,19875676,87.880538940429688,63.395374298095703,21.344650268554688,32.194900512695312,8.5132390363249932
2023-10-17,16642.55078125,16678.279296875,16770.640625,16618.30078125,3474.659912109375,527.208251953125,18364998,87.6685791015625,63.628608703613281,21.263900756835938,32.186500549316406,7.0447876700198808
2023-10-18,16440.91015625,16608.01953125,16612.25,16398.759765625,3413.449951171875,516.68310546875,26418940,86.319839477539062,62.742294311523438,21.19212532043457,32.325000762939453,8.0077458478859942
2023-10-19,16452.73046875,16416.5390625,16479.349609375,16382.400390625,3367.77001953125,522.4241943359375,22881262,89.508651733398438,62.695640563964844,21.09343147277832,32.395301818847656,11.007867542864158
2023-10-20,16440.720703125,16434.4296875,16462.560546875,16271.8203125,3316.139892578125,531.992431640625,45984177,87.967247009277344,62.835582733154297,20.91398811340332,32.348300933837891,6.9786263613474508
2023-10-23,16251.3603515625,16391.41015625,16391.41015625,16245.83984375,3298.5400390625,520.510498046875,22747367,87.774551391601562,61.99591064453125,20.698657989501953,32.332000732421875,9.043981649941335
2023-10-24,16309.759765625,16257.7998046875,16318.76953125,16163,3343.93994140625,520.510498046875,15007814,88.28515625,61.99591064453125,20.698657989501953,32.236000061035156,9.3526571680098378
2023-10-25,16358.8896484375,16320.7099609375,16459.33984375,16320.7099609375,3205.840087890625,520.510498046875,16526355,84.431587219238281,62.555698394775391,20.761463165283203,32.203998565673828,4.4756916107789868
2023-10-26,16073.740234375,16305.16015625,16305.16015625,16073.740234375,3188.419921875,508.0718994140625,28188348,84.248550415039062,61.016292572021484,20.59996223449707,32.380298614501953,7.3861090693645659
2023-10-27,16134.6103515625,16112.75,16200.2998046875,16112.75,3227.090087890625,509.98550415039062,15679643,82.841995239257812,61.249538421630859,20.77940559387207,32.358898162841797,5.127524831108099
2023-10-30,16149.6796875,16142.0595703125,16203.330078125,16101.240234375,3185.179931640625,509.02871704101562,21404842,82.909439086914062,61.249538421630859,20.608936309814453,32.41400146484375,5.5903759471418235
2023-10-31,16001.26953125,16176.580078125,16215.349609375,15975.91015625,3215.889892578125,506.15817260742188,25667058,83.150283813476562,60.643104553222656,20.590991973876953,32.247501373291016,5.9506311101023446
2023-11-01,16038.5595703125,16027.7197265625,16099.0302734375,15978.259765625,3290.949951171875,505.20135498046875,13603347,84.585746765136719,60.783054351806641,20.662769317626953,32.402900695800781,8.5042043411320165
2023-11-02,16396.94921875,16094.259765625,16396.94921875,16094.259765625,3368.5400390625,523.3809814453125,29401438,87.167610168457031,62.135856628417969,20.905014038085938,32.376800537109375,7.8452763005309789
2023-11-03,16507.650390625,16412.5390625,16520.099609375,16412.5390625,3454.570068359375,525.294677734375,15426176,88.429664611816406,62.555698394775391,21.13829231262207,32.159000396728516,8.2748308663427306
2023-11-06,16649.359375,16572.560546875,16720.560546875,16572.560546875,3444.889892578125,526.25146484375,29215201,89.210014343261719,63.255428314208984,21.326705932617188,32.089401245117188,8.7957425902292385
2023-11-07,16684.94921875,16650.140625,16684.94921875,16608.099609375,3471.4599609375,531.0355224609375,14777790,89.026962280273438,63.488662719726562,21.19212532043457,32.102001190185547,7.6366279918748559
2023-11-08,16740.830078125,16691.3203125,16775.23046875,16665.400390625,3472.669921875,531.992431640625,15314834,88.631965637207031,63.908504486083984,21.16520881652832,32.0802001953125,6.8936711214871549
2023-11-09,16745.650390625,16741.16015625,16759.4296875,16680.91015625,3452.340087890625,532.94921875,13165684,88.265876770019531,63.861850738525391,21.174179077148438,32.215999603271484,6.7108591574554843
2023-11-10,16682.669921875,16725.939453125,16725.939453125,16651.23046875,3591.739990234375,532.94921875,12994933,93.872833251953125,63.721916198730469,21.147262573242188,32.253501892089844,13.621617159287913
2023-11-13,16839.2890625,16711.529296875,16961.01953125,16711.529296875,3556.75,546.3446044921875,43866014,92.890151977539062,64.841468811035156,21.13829231262207,32.345798492431641,9.9894137543292452
2023-11-14,16915.7109375,16884.51953125,16946.380859375,16884.51953125,3685.570068359375,547.301513671875,21568576,95.288993835449219,64.841468811035156,21.272872924804688,32.244499206542969,12.279824168785748
2023-11-15,17128.779296875,17039.619140625,17143.880859375,17034.94921875,3712.090087890625,555.91278076171875,50305088,95.183029174804688,65.21466064453125,21.461286544799805,32.076999664306641,9.8440654918703139
2023-11-16,17171.1796875,17136.51953125,17194.3203125,17089.400390625,3724.10009765625,557.82659912109375,28291435,94.932571411132812,65.406471252441406,21.645345687866211,32.008598327636719,8.9463482485890857
2023-11-17,17208.94921875,17155.859375,17253.470703125,17147.560546875,3748.64990234375,554.9560546875,22031704,95.934486389160156,65.838035583496094,21.764984130859375,31.836999893188477,10.07236364488946
2023-11-20,17210.470703125,17197.8203125,17219.759765625,17151.8203125,3805.81005859375,552.08563232421875,22010114,96.300567626953125,65.598281860351562,21.728174209594727,31.734699249267578,10.709983098433495
2023-11-21,17416.69921875,17239.939453125,17421.169921875,17239.939453125,3732.7900390625,559.7401123046875,35921706,94.807304382324219,66.317558288574219,21.976650238037109,31.468000411987305,6.5993387923719116
2023-11-22,17310.259765625,17325.599609375,17344.529296875,17264.94921875,3744.9599609375,552.08563232421875,21969125,95.038536071777344,65.550323486328125,21.903026580810547,31.374000549316406,8.0172679143770242
2023-11-23,17294.55078125,17291.330078125,17343.609375,17228.44921875,3744.9599609375,553.04254150390625,14486134,95.038536071777344,65.933944702148438,21.875419616699219,31.517999649047852,8.3252850101095621
2023-11-24,17287.419921875,17304.650390625,17336.130859375,17268.380859375,3747.929931640625,550.17193603515625,10058969,94.248550415039062,65.646224975585938,21.884622573852539,31.61400032043457,8.3142744246097919
2023-11-27,17137.419921875,17291.23046875,17351.9296875,17133.759765625,3739.31005859375,543.47418212890625,18528520,93.651229858398438,65.406471252441406,21.930637359619141,31.63599967956543,9.0300284803030095
2023-11-28,17341.25,17150.30078125,17360.380859375,17145.19921875,3718.35009765625,550.17193603515625,26343906,94.393051147460938,65.933944702148438,22.013463973999023,31.524999618530273,8.1749433771723048
2023-11-29,17370.560546875,17352.109375,17441.7890625,17323.26953125,3753.360107421875,549.21502685546875,24868842,95.260108947753906,66.317558288574219,21.92143440246582,31.271999359130859,8.4811565707156653
2023-11-30,17433.849609375,17389.19921875,17433.849609375,17313.30078125,3724.580078125,552.08563232421875,47192647,93.747581481933594,65.981895446777344,22.004261016845703,31.069000244140625,5.5141978496300981
2023-12-01,17438.349609375,17422.349609375,17450.130859375,17355.890625,3738.27001953125,553.999267578125,28051165,94.94219970703125,66.461410522460938,21.893827438354492,31.374000549316406,7.5350384047808472
2023-12-04,17421.48046875,17450.640625,17516.609375,17398.099609375,3693.43994140625,549.21502685546875,26847171,93.458564758300781,66.02984619140625,21.939840316772461,31.188999176025391,6.1470992856223372
2023-12-05,17328.009765625,17401.58984375,17401.58984375,17252.5703125,3672.39990234375,545.3878173828125,22229723,93.150283813476562,65.50238037109375,21.783390045166016,31.423599243164062,7.3407617349512622
2023-12-06,17360.720703125,17340.8203125,17439.849609375,17337.470703125,3645.820068359375,545.3878173828125,21518089,94.267822265625,66.173698425292969,21.958248138427734,31.516000747680664,8.9479692180338244
2023-12-07,17278.740234375,17356.919921875,17387.939453125,17273.7109375,3747.5400390625,541.560546875,20840397,95.655097961425781,65.885986328125,21.810998916625977,31.489099502563477,11.237530688513321
2023-12-08,17383.990234375,17309.359375,17465.349609375,17309.359375,3774.169921875,545.3878173828125,33507214,96.676300048828125,66.365501403808594,21.875419616699219,31.427000045776367,11.415986541094281
2023-12-11,17418.33984375,17416.9609375,17451.8203125,17372.8203125,3902.389892578125,549.21502685546875,27378610,97.254325866699219,66.317558288574219,21.866218566894531,31.409500122070312,11.239118043499264
2023-12-12,17450.630859375,17429.609375,17528.720703125,17404.880859375,3930.179931640625,553.04254150390625,29403010,97.880523681640625,66.509361267089844,21.875419616699219,31.327999114990234,10.892046421407509
2023-12-13,17468.9296875,17447.509765625,17507.919921875,17438.689453125,3990.949951171875,552.08563232421875,22977731,98.381500244140625,66.797073364257812,21.820201873779297,31.473100662231445,12.169948978741241
2023-12-14,17653.109375,17482.380859375,17668.349609375,17482.380859375,4097.47021484375,559.7802734375,39409958,100.13248443603516,67.564308166503906,22.179117202758789,31.156999588012695,11.466156431772401
2023-12-15,17673.869140625,17693.330078125,17743.5390625,17642.7890625,4117,562.6656494140625,54323262,99.251655578613281,67.564308166503906,22.179117202758789,31.184299468994141,10.015365380134567
2023-12-18,17652.029296875,17637.859375,17665.91015625,17586.880859375,4103.7900390625,562.6656494140625,26122277,99.629158020019531,67.372505187988281,22.160711288452148,31.347799301147461,11.012813858681669
2023-12-19,17576.55078125,17669.83984375,17669.83984375,17497.3203125,4125.56005859375,562.6656494140625,28254292,100.53900146484375,67.132743835449219,21.967449188232422,31.375,12.12382253099511
2023-12-20,17635.19921875,17608.349609375,17657.650390625,17597.48046875,4007.659912109375,562.6656494140625,38121456,96.831840515136719,67.468406677246094,21.949043273925781,31.270000457763672,7.6280985124146605
2023-12-21,17543.740234375,17531.44921875,17552.900390625,17442.759765625,4118.58984375,554.9710693359375,24923414,99.2613525390625,66.940940856933594,21.810998916625977,31.309999465942383,12.001257964872192
2023-12-22,17596.630859375,17586.16015625,17618.169921875,17567.55078125,4132.85009765625,559.7802734375,18690214,99.842109680175781,67.420455932617188,21.792593002319336,31.193000793457031,11.271338210951454
2023-12-25,17604.83984375,17596.26953125,17663.349609375,17595.26953125,4132.85009765625,558.81829833984375,9548143,99.842109680175781,67.804069519042969,21.810998916625977,31.079999923706055,11.059096327421191
2023-12-26,17751.73046875,17619.08984375,17751.73046875,17619.08984375,4207.4501953125,563.62750244140625,16094308,101.10039520263672,67.852020263671875,21.985855102539062,31.119699478149414,11.64160379683632
2023-12-27,17891.5,17766.73046875,17897.16015625,17766.73046875,4214.58984375,569.39837646484375,33401336,101.29399871826172,68.667198181152344,22.077884674072266,30.943000793457031,10.093053028054456
2023-12-28,17910.369140625,17900.759765625,17928.140625,17841.759765625,4208.68017578125,570.3602294921875,25514849,101.34239196777344,69.050819396972656,22.206724166870117,30.845699310302734,9.6141276472923032
2023-12-29,17930.810546875,17893.630859375,17945.69921875,17864.23046875,4175.47021484375,570.3602294921875,18416318,100.66484832763672,68.715156555175781,22.19752311706543,30.697999954223633,8.3599223636278808
2024-01-02,17853.759765625,17939.7890625,17956.740234375,17784.970703125,4023.0400390625,570.3602294921875,26059058,98.274040222167969,68.33154296875,22.206724166870117,30.668600082397461,5.6850419160017873
2024-01-03,17559.310546875,17829.279296875,17829.279296875,17518.189453125,3941.2099609375,555.93304443359375,37106763,96.957664489746094,67.228645324707031,22.013463973999023,30.878999710083008,7.7092187142627555
2024-01-04,17549.650390625,17574.390625,17609.890625,17515.73046875,3908.85009765625,557.85650634765625,15309129,95.951011657714844,66.797073364257812,22.050275802612305,31.041900634765625,6.7837960404756759
2024-01-05,17519.140625,17559.400390625,17606.7890625,17495.390625,3933.489990234375,554.00921630859375,18158971,96.415618896484375,66.701171875,21.995058059692383,31.054000854492188,8.0881192391591092
2024-01-08,17572.66015625,17534.51953125,17688.109375,17534.51953125,4062.47998046875,560.7420654296875,17761275,98.961273193359375,67.324546813964844,22.133100509643555,30.951999664306641,9.2498488520939439
2024-01-09,17535.490234375,17585.400390625,17694.259765625,17517.55078125,4064.64990234375,563.62750244140625,22501510,98.622512817382812,67.420455932617188,22.022666931152344,30.721000671386719,7.5100937889961639
2024-01-10,17465.630859375,17495.669921875,17499.4296875,17439.26953125,4048.840087890625,561.70379638671875,13037716,97.567466735839844,67.180702209472656,21.903026580810547,31.061100006103516,7.9057275780860525
2024-01-11,17545.3203125,17477.880859375,17574.919921875,17476.869140625,4067.89990234375,563.62750244140625,23997409,97.974014282226562,67.276603698730469,21.995058059692383,31.117799758911133,8.1826470427768694
2024-01-12,17512.830078125,17536.05078125,17570.630859375,17469.869140625,4052.429931640625,561.70379638671875,16496053,97.993370056152344,67.372505187988281,21.930637359619141,30.893999099731445,7.793719955922418
2024-01-15,17546.8203125,17541.259765625,17632.76953125,17532.98046875,4052.429931640625,563.62750244140625,21143076,97.993370056152344,67.372505187988281,21.930637359619141,31.075599670410156,8.0572798534053867
2024-01-16,17346.869140625,17523.779296875,17523.779296875,17337.580078125,4105.93994140625,557.85650634765625,27223860,98.409561157226562,67.036842346191406,21.61773681640625,31.194999694824219,10.060067251570759
2024-01-17,17161.7890625,17341.580078125,17361.05078125,17151.580078125,4069.949951171875,558.81829833984375,42592335,99.648513793945312,65.838035583496094,21.350852966308594,31.458000183105469,12.19185107176768
2024-01-18,17227.7890625,17169.099609375,17300.2890625,17169.099609375,4206.52001953125,565.55108642578125,27209996,109.40526580810547,66.653221130371094,21.350852966308594,31.542499542236328,22.037270531290321
2024-01-19,17681.51953125,17546.509765625,17682.970703125,17499.849609375,4375.64990234375,602.100341796875,161106401,110.53774261474609,69.050819396972656,21.488895416259766,31.580600738525391,15.955699531286927
2024-01-22,17815.099609375,17770.779296875,17869.0703125,17765.130859375,4386.60009765625,602.100341796875,65168775,109.40526580810547,69.722145080566406,21.488895416259766,31.383800506591797,14.052519094917781
2024-01-23,17874.58984375,17840.279296875,17893.73046875,17801.890625,4415.259765625,604.02386474609375,41072439,110.46998596191406,69.81805419921875,21.54411506652832,31.368000030517578,14.737934219908034
2024-01-24,17875.830078125,17883.619140625,17944.98046875,17856.33984375,4483.330078125,603.06219482421875,26635005,112.78334045410156,70.009864807128906,21.553316116333008,31.395000457763672,17.428452838656906
2024-01-25,18002.619140625,17894.830078125,18014.259765625,17894.830078125,4472.259765625,617.48944091796875,52243347,112.82205200195312,70.729141235351562,21.599330902099609,31.291999816894531,14.347789505141906
2024-01-26,17995.029296875,17985.439453125,18029.849609375,17943.650390625,4342.10009765625,619.4132080078125,41153025,113.49961853027344,70.537338256835938,21.718969345092773,31.315000534057617,14.761537821325232
2024-01-29,18119.630859375,18001.240234375,18119.630859375,17995.109375,4388.27001953125,623.2603759765625,27825490,113.22859954833984,70.681182861328125,21.728174209594727,31.273099899291992,13.628571352186158
2024-01-30,18034.630859375,18083.44921875,18138.740234375,18034.630859375,4319.990234375,617.48944091796875,36161825,112.33810424804688,70.825042724609375,21.636144638061523,31.184999465942383,13.467971720206862
2024-01-31,17889.560546875,17970.41015625,17996.330078125,17874.94921875,4260.919921875,604.02386474609375,41277950,109.33750152587891,70.105766296386719,21.62693977355957,31.159099578857422,12.80541371260011
2024-02-01,17968.109375,17871.26953125,17968.109375,17832.94921875,4280.47998046875,604.02386474609375,44946369,109.75371551513672,69.578292846679688,21.737377166748047,31.245000839233398,13.547001485477583
2024-02-02,18059.9296875,18016.349609375,18059.9296875,17985.890625,4336.72998046875,610.7567138671875,26334815,112.03801727294922,70.34552001953125,21.718969345092773,31.233999252319336,14.59212050497738
2024-02-05,18096.0703125,18047.400390625,18115.80078125,17992.169921875,4388.10009765625,621.336669921875,44017740,114.98054504394531,71.208656311035156,21.599330902099609,31.325799942016602,15.938998151309702
2024-02-15,18644.5703125,18664.44921875,18725.470703125,18550.859375,4558.10009765625,670.3896484375,112945296,124.89216613769531,74.373489379882812,21.691360473632812,31.345100402832031,16.790511197107438
2024-02-16,18607.25,18639.66015625,18715.689453125,18585.140625,4527.68017578125,656.9241943359375,44232811,122.62721252441406,73.846015930175781,21.663753509521484,31.262699127197266,16.715373950656453
2024-02-19,18635.80078125,18561.0390625,18663.740234375,18561.0390625,4527.68017578125,652.11505126953125,34408673,122.62721252441406,73.46240234375,21.857013702392578,31.333200454711914,17.841262021168404
2024-02-20,18753.16015625,18610.2109375,18756.330078125,18610.2109375,4456.8701171875,660.771484375,30166461,121.31082916259766,73.9898681640625,22.004261016845703,31.402099609375,15.302031977452945
2024-02-21,18676.310546875,18673.490234375,18729.029296875,18645.26953125,4446.35986328125,655.00048828125,30564485,121.32049560546875,73.798057556152344,21.875419616699219,31.377799987792969,16.237172754403485
2024-02-22,18852.779296875,18826.849609375,18881.76953125,18758.150390625,4667.3701171875,665.58056640625,33145643,124.93088531494141,74.613250732421875,21.976650238037109,31.426300048828125,17.975664718452823
2024-02-23,18889.189453125,18950.0703125,19012.380859375,18889.189453125,4615.02978515625,670.3896484375,46448923,125.37612152099609,75.428436279296875,21.903026580810547,31.454000473022461,17.650402115204813
2024-02-26,18948.05078125,18899.390625,18974.080078125,18854.7109375,4663.47021484375,671.3515625,28798079,126.45052337646484,75.428436279296875,21.903026580810547,31.601999282836914,19.046102586746994
2024-02-27,18854.41015625,18964.490234375,19023.009765625,18752.529296875,4654.89013671875,671.3515625,33006829,124.46627044677734,75.0927734375,21.857013702392578,31.548700332641602,16.980410478955399
2024-02-29,18966.76953125,18796.5390625,19019.689453125,18794.619140625,4726.919921875,663.65679931640625,54368302,124.543701171875,74.996864318847656,22.068679809570312,31.647899627685547,18.782676769315643
2024-03-01,18935.9296875,19021.349609375,19041.919921875,18923.4609375,4929.580078125,662.695068359375,23390635,129.60595703125,75.140716552734375,22.013463973999023,31.614900588989258,23.661081632246205
2024-03-04,19305.310546875,18952.689453125,19333.390625,18952.689453125,4981.97021484375,697.3206787109375,88861397,133.82615661621094,77.346504211425781,21.995058059692383,31.559299468994141,21.133931127439752
2024-03-05,19386.919921875,19398.970703125,19453.849609375,19332.73046875,4879.830078125,702.12969970703125,64403889,130.64166259765625,77.873977661132812,21.985855102539062,31.509300231933594,17.255469219038289
2024-03-06,19499.44921875,19283.609375,19532.30078125,19246.30078125,4997.93017578125,706.93896484375,43687122,137.03004455566406,78.737113952636719,22.096290588378906,31.540500640869141,22.273532032047804
2024-03-07,19693.51953125,19678.359375,19794.5703125,19630.7890625,5165.830078125,730.9844970703125,71817344,144.41531372070312,79.840011596679688,22.206724166870117,31.464000701904297,24.322295492864932
2024-03-08,19785.3203125,19966.490234375,20065.5,19638.130859375,4957.77978515625,754.06805419921875,87139744,141.67607116699219,80.271568298339844,22.317161560058594,31.434799194335938,18.120873122155956
2024-03-11,19726.080078125,19671.900390625,19828.69921875,19649.669921875,4890.2001953125,736.75531005859375,64759810,134.56181335449219,79.504348754882812,22.565641403198242,31.452999114990234,14.892218313668494
2024-03-12,19914.55078125,19672.759765625,19917.060546875,19664.7109375,4992.509765625,740.6026611328125,58110339,139.76925659179688,80.559295654296875,22.648468017578125,31.362199783325195,18.375792549648608
2024-03-13,19928.509765625,20024.830078125,20112.810546875,19866.73046875,4868.9501953125,749.259033203125,36754557,137.58175659179688,80.942909240722656,22.896947860717773,31.398799896240234,15.311310325648897
2024-03-14,19937.919921875,19920.630859375,19995.509765625,19775.5,4783.64990234375,754.06805419921875,42010806,135.14254760742188,80.127723693847656,23.357095718383789,31.406600952148438,12.572546754293178
2024-03-15,19682.5,19845.44921875,19888.130859375,19682.5,4757.7099609375,724.251708984375,73316437,132.58718872070312,79.9359130859375,23.163833618164062,31.525999069213867,15.427924748983868
2024-03-18,19879.849609375,19706.109375,19879.859375,19706.109375,4757.60009765625,738.2630615234375,43589856,132.79519653320312,80.271568298339844,23.071802139282227,31.603700637817383,13.69442292602745
2024-03-19,19857.19921875,19798.119140625,19921.25,19762.16015625,4712.81005859375,736.330322265625,30152375,131.07499694824219,80.463386535644531,23.053396224975586,31.641000747680664,12.649009582562098
2024-03-20,19784.44921875,19879.25,19994.419921875,19728.4296875,4788.18017578125,732.465087890625,41280325,132.902099609375,80.031814575195312,22.878541946411133,31.730400085449219,15.146424383066304
2024-03-21,20199.08984375,19843.80078125,20199.30078125,19843.80078125,4897.8798828125,757.5892333984375,46026103,135.526123046875,82.045799255371094,23.246660232543945,31.762199401855469,13.639623020126246
2024-03-22,20228.4296875,20232.060546875,20296.099609375,20084.310546875,4908.259765625,758.5555419921875,30660820,136.58544921875,82.381462097167969,23.283472061157227,31.882999420166016,14.817005668633598
2024-03-25,20192.25,20228.640625,20285.380859375,20172.80078125,4891.490234375,753.72393798828125,19877101,136.2841796875,82.477363586425781,23.163833618164062,31.934999465942383,15.48618761274836
2024-03-26,20126.490234375,20208.880859375,20397.0703125,19977.400390625,4851.8798828125,755.6566162109375,40990702,134.93327331542969,81.806045532226562,23.283472061157227,31.733999252319336,13.331169280983479
2024-03-27,20200.119140625,20158.0703125,20255.099609375,20108.9609375,4899.9501953125,752.75775146484375,18794479,132.84379577636719,82.141708374023438,23.283472061157227,31.885299682617188,12.539903602804348
2024-03-28,20146.55078125,20213.33984375,20222.19921875,20065.9296875,4905.2099609375,743.09454345703125,27190918,132.22178649902344,81.806045532226562,23.173036575317383,31.979400634765625,13.80445517539226
2024-03-29,20294.44921875,20156.33984375,20335.919921875,20156.33984375,4905.2099609375,749.8587646484375,9802000,132.22178649902344,82.285560607910156,23.320283889770508,32.018100738525391,12.914342794628819
2024-04-01,20222.330078125,20319.73046875,20387.23046875,20217.580078125,4962.10009765625,744.0609130859375,21041261,137.50872802734375,81.806045532226562,23.301876068115234,31.934000015258789,18.033447146449877
2024-04-02,20466.5703125,20359.810546875,20466.5703125,20359.810546875,4886.93994140625,763.3870849609375,37974481,136.27447509765625,83.340507507324219,23.237457275390625,32.014999389648438,14.301835150888675
2024-04-03,20337.599609375,20388.83984375,20403.73046875,20269.66015625,4903.5,753.72393798828125,30890544,138.00439453125,83.100738525390625,23.034992218017578,32.03900146484375,17.324733252941705
2024-04-08,20417.69921875,20395.05078125,20487.830078125,20379.830078125,4825.39013671875,756.62286376953125,32202226,138.77215576171875,83.244606018066406,23.219051361083984,32.111198425292969,17.790260986021742
2024-04-09,20796.19921875,20521.560546875,20820.810546875,20521.560546875,4870.81005859375,791.4102783203125,56857731,141.3087158203125,85.018821716308594,23.366296768188477,32.072799682617188,14.533921533893167
2024-04-10,20763.529296875,20789.419921875,20883.689453125,20763.529296875,4790.35009765625,787.54498291015625,27480849,142.10562133789062,84.922920227050781,23.357095718383789,31.96619987487793,15.36043765385655
2024-04-11,20753.220703125,20713.25,20770.830078125,20651.880859375,4906.3701171875,792.37652587890625,25200651,143.05805969238281,84.39544677734375,23.265066146850586,32.182998657226562,16.208322498665197
2024-04-12,20736.5703125,20772.7890625,20825.0390625,20713.869140625,4745.0498046875,790.44384765625,31508936,138.50973510742188,84.491348266601562,23.145427703857422,32.224498748779297,12.934190047714168
2024-04-15,20449.76953125,20586.529296875,20623.76953125,20449.76953125,4679.10009765625,778.84820556640625,38913470,136.19671630859375,83.244606018066406,23.145427703857422,32.254001617431641,12.80475647784527
2024-04-16,19901.9609375,20365.109375,20365.109375,19844.5390625,4720.52978515625,761.45440673828125,49508969,135.86630249023438,80.463386535644531,22.611656188964844,32.388801574707031,15.582671085856159
2024-04-17,20213.330078125,19986.619140625,20264.990234375,19986.619140625,4567.31005859375,776.9156494140625,34472074,135.11793518066406,82.09375,22.731294631958008,32.497898101806641,13.03798276014636
2024-04-18,20301.19921875,20126.5703125,20363.08984375,20057.810546875,4491.7099609375,776.9156494140625,43598591,128.54814147949219,82.525321960449219,22.906148910522461,32.338001251220703,7.0126457908538775
2024-04-19,19527.119140625,19992.060546875,19992.060546875,19291.880859375,4306.8701171875,724.73468017578125,130968654,124.10676574707031,78.737113952636719,22.519624710083008,32.415901184082031,11.020840171668866
2024-04-22,19411.220703125,19466.439453125,19695.490234375,19395.310546875,4381.919921875,717.004150390625,46540798,126.09905242919922,77.63421630859375,22.878541946411133,32.504001617431641,14.329151424919861
2024-04-23,19599.279296875,19564.380859375,19709,19509.740234375,4478.7998046875,728.599853515625,30423647,129.67552185058594,78.353500366210938,23.016586303710938,32.583000183105469,15.981839189632163
2024-04-24,20131.740234375,19770.4609375,20165.76953125,19770.4609375,4526.2001953125,756.62286376953125,39457128,129.22848510742188,81.518333435058594,22.998180389404297,32.503501892089844,11.029642674938621
2024-04-25,19857.419921875,20003,20003,19848.5703125,4615.0400390625,740.195556640625,28534926,132.73689270019531,80.415428161621094,22.79571533203125,32.627300262451172,17.018980056826273
2024-04-26,20120.509765625,20094.169921875,20226.2890625,20087.609375,4735.2900390625,755.6566162109375,32571247,134.40849304199219,81.374473571777344,22.896947860717773,32.530998229980469,15.725644570359876
2024-04-29,20495.51953125,20235.9296875,20495.51953125,20235.9296875,4765.7900390625,768.21868896484375,26765837,134.60285949707031,82.381462097167969,23.623979568481445,32.558998107910156,14.096007052100457
2024-04-30,20396.599609375,20508.48046875,20559.970703125,20396.599609375,4673.2998046875,763.3870849609375,39051972,133.47549438476562,82.621223449707031,23.559560775756836,32.433998107910156,13.419365289612761
2024-05-02,20222.439453125,20360.669921875,20360.669921875,20222.439453125,4605.35009765625,745.99346923828125,40527228,132.39671325683594,80.703147888183594,23.587167739868164,32.476001739501953,15.274893610628993
2024-05-03,20330.3203125,20381.98046875,20521.490234375,20272.33984375,4716.18994140625,753.72393798828125,29901556,137.57673645019531,81.42242431640625,23.633184432983398,32.346000671386719,18.081886093802147
2024-05-06,20523.310546875,20479.80078125,20639.900390625,20479.80078125,4820.4501953125,759.5218505859375,32599878,138.81103515625,82.525321960449219,24.139345169067383,32.276901245117188,17.979227852743108
2024-05-07,20653.529296875,20634.619140625,20689.189453125,20493.80078125,4784.8798828125,773.05029296875,33890214,137.13941955566406,83.148689270019531,24.111738204956055,32.26300048828125,14.469374123006906
2024-05-08,20700.509765625,20604.1796875,20700.509765625,20547.48046875,4790.3798828125,774.98291015625,21757193,139.55935668945312,83.532310485839844,23.992099761962891,32.363800048828125,16.561824929272451
2024-05-09,20560.76953125,20710.05078125,20754.609375,20560.76953125,4759.77001953125,769.18505859375,21923999,138.77215576171875,83.436408996582031,23.835649490356445,32.333000183105469,16.666856370214255
2024-05-10,20708.83984375,20582.119140625,20765.8203125,20574.009765625,4808.02978515625,774.98291015625,25101318,145.06008911132812,83.244606018066406,24.498262405395508,32.338798522949219,21.06251464426483
2024-05-13,20857.7109375,20905.16015625,20933.279296875,20816.419921875,4823.08984375,791.4102783203125,34812619,142.29031372070312,84.39544677734375,24.415435791015625,32.423999786376953,16.592397851479191
2024-05-14,20985.849609375,20835.94921875,20994.529296875,20816.76953125,4903.93017578125,797.2081298828125,28691846,147.67437744140625,84.587249755859375,24.194564819335938,32.371498107910156,19.929555425733181
2024-05-15,21147.2109375,20984.69921875,21308.3203125,20984.69921875,5045.080078125,810.7364501953125,39467772,151.20225524902344,86.073768615722656,24.498262405395508,32.313701629638672,20.530033173378605
2024-05-16,21304.259765625,21319.01953125,21515.51953125,21249.880859375,5017.5400390625,812.6690673828125,43927195,147.94651794433594,86.601242065429688,24.663913726806641,32.031299591064453,16.626051856296932
2024-05-17,21258.470703125,21346.75,21346.75,21218.33984375,4983.02001953125,806.8712158203125,26207289,147.41200256347656,86.073768615722656,24.801959991455078,32.123798370361328,17.37767700403068
2024-05-20,21271.630859375,21278.380859375,21338.349609375,21102.1796875,5090.35009765625,806.8712158203125,28808661,149.2293701171875,85.642196655273438,24.903190612792969,32.16400146484375,18.973476434331783
2024-05-21,21236.75,21239.259765625,21307.080078125,21131.619140625,5074.39990234375,812.6690673828125,19705349,149.34600830078125,86.313529968261719,24.645509719848633,32.205799102783203,18.370631618291089
2024-05-22,21551.830078125,21248.990234375,21567.48046875,21248.990234375,5126.81005859375,834.89434814453125,36628342,151.7562255859375,87.752082824707031,24.709930419921875,32.234798431396484,17.184440243099797
2024-05-23,21607.4296875,21668.83984375,21668.83984375,21475.990234375,5125.97998046875,845.52374267578125,37266618,152.66975402832031,88.711128234863281,24.489059448242188,32.223899841308594,16.368461683571066
2024-05-24,21565.33984375,21442.669921875,21608.720703125,21381.25,5220.919921875,837.79315185546875,34136382,155.49790954589844,88.902931213378906,24.387826919555664,32.220798492431641,19.606296575150296
2024-05-27,21803.76953125,21699.98046875,21871.33984375,21699.98046875,5220.919921875,839.72576904296875,26726954,155.49790954589844,89.670166015625,24.516666412353516,32.188999176025391,19.213254297319835
2024-05-28,21858.41015625,21812.19921875,21937.400390625,21812.19921875,5317.8701171875,835.86053466796875,25329216,154.92449951171875,90.149681091308594,24.562681198120117,32.069999694824219,18.881761872756385
2024-05-29,21662.5,21846.41015625,21906.099609375,21662.5,5219.31982421875,828.130126953125,33436835,149.99716186523438,89.622207641601562,24.148548126220703,32.173801422119141,16.551221665835602
2024-05-30,21364.48046875,21481.390625,21558.359375,21364.240234375,5173.259765625,809.77008056640625,38065102,148.656005859375,87.991844177246094,23.872461318969727,32.376998901367188,18.874121282032696
2024-05-31,21174.220703125,21400.830078125,21539.029296875,21174.220703125,5123.35986328125,793.34295654296875,77438401,146.78999328613281,86.55328369140625,24.212968826293945,32.356399536132812,19.736253571065031
2024-06-03,21536.759765625,21388.7109375,21612.5390625,21372.080078125,5152.509765625,817.5006103515625,28345488,150.58999633789062,88.42340087890625,24.378622055053711,32.465000152587891,19.6061309846699
2024-06-04,21356.619140625,21513.849609375,21529.98046875,21308.970703125,5116.27001953125,810.7364501953125,28223635,148.17977905273438,87.224609375,24.194564819335938,32.314300537109375,18.12287242491637
2024-06-05,21484.880859375,21385,21510.859375,21264.630859375,5347.43994140625,825.23114013671875,31975446,158.33575439453125,88.183647155761719,24.314203262329102,32.328800201416016,24.057484493695426
2024-06-06,21902.69921875,21856.130859375,21970.630859375,21847.6796875,5301.68017578125,863.8837890625,62925136,157.50962829589844,90.677154541015625,24.544277191162109,32.251998901367188,17.608419629380133
2024-06-07,21858.380859375,21823.619140625,21920.849609375,21823.619140625,5287.240234375,849.38909912109375,41075399,159.76437377929688,89.814018249511719,24.728336334228516,32.208900451660156,21.165548653823208
2024-06-11,21792.119140625,21984.419921875,22003.7109375,21792.119140625,5365.3798828125,853.2542724609375,48228488,161.04721069335938,90.293540954589844,24.820363998413086,32.333999633789062,22.057412887322524
2024-06-12,22048.9609375,21841.810546875,22094.939453125,21841.810546875,5520.8701171875,878.37835693359375,48106925,168.11264038085938,91.923904418945312,24.709930419921875,32.315799713134766,23.698275871904716
2024-06-13,22312.0390625,22217.640625,22440.099609375,22211.080078125,5602.419921875,891.473876953125,55857091,168.57478332519531,93.458358764648438,24.765146255493164,32.201000213623047,21.782068419521394
2024-06-14,22504.720703125,22311.9296875,22504.720703125,22252.01953125,5598.31005859375,894.38397216796875,38408123,168.18479919433594,94.561264038085938,24.792755126953125,32.298999786376953,21.473572029296584
2024-06-17,22496.529296875,22468.109375,22567.33984375,22431.259765625,5688.10009765625,893.41387939453125,26292426,172.79621887207031,93.794029235839844,24.884784698486328,32.3489990234375,25.13315148706905
2024-06-18,22757.4296875,22690.33984375,22787.669921875,22642.939453125,5765.1201171875,914.75494384765625,37876013,175.18479919433594,95.520301818847656,25.124061584472656,32.300998687744141,23.719341599565258
2024-06-19,23209.5390625,22858.44921875,23275.30078125,22858.44921875,5765.1201171875,951.6168212890625,72228052,175.18479919433594,98.589225769042969,25.344934463500977,32.347499847412109,19.09815250073985
2024-06-20,23406.099609375,23196.689453125,23406.099609375,23180.69921875,5610.009765625,951.6168212890625,48225374,170.98284912109375,98.97283935546875,25.381744384765625,32.38079833984375,16.361145223604346
2024-06-21,23253.390625,23193.900390625,23351.169921875,23151.150390625,5538.5400390625,940.9462890625,88376132,169.59844970703125,97.821998596191406,25.473773956298828,32.340999603271484,16.584409938115606
2024-06-24,22813.69921875,23124.310546875,23131.6796875,22813.69921875,5371.52001953125,911.8447265625,66391994,163.60261535644531,96.239578247070312,25.473773956298828,32.362998962402344,16.130984076356114
2024-06-25,22875.970703125,22695.150390625,22875.970703125,22503,5467.66015625,916.695068359375,57368432,168.27253723144531,95.903915405273438,25.510585784912109,32.321498870849609,18.661500641758888
2024-06-26,22986.689453125,22938.5703125,23074.740234375,22893.75,5452.31982421875,931.245849609375,44967166,167.75584411621094,97.342475891113281,25.289714813232422,32.473499298095703,16.996371869884051
2024-06-27,22905.98046875,22859.9296875,22922.560546875,22765.16015625,5421.08984375,931.245849609375,39729446,167.32685852050781,97.006813049316406,25.124061584472656,32.582298278808594,17.088169931883577
2024-06-28,23032.25,22896.720703125,23142.400390625,22896.720703125,5472.259765625,937.06610107421875,39138210,169.45219421386719,97.678138732910156,25.354135513305664,32.521999359130859,17.620819818563117
2024-07-01,23058.5703125,23042.69921875,23187.880859375,23015.169921875,5477.14990234375,939.006103515625,19935737,168.00930786132812,97.917900085449219,25.482978820800781,32.504001617431641,16.313936491410864
2024-07-02,22879.369140625,23012.740234375,23041.900390625,22833.779296875,5544.990234375,931.245849609375,25427569,171.29481506347656,97.198623657226562,25.547397613525391,32.521701812744141,19.641851824634561
2024-07-03,23172.4296875,23009.8203125,23172.4296875,22994.279296875,5651.72021484375,949.67669677734375,24070411,177.91458129882812,97.965850830078125,26.228416442871094,32.572799682617188,22.045239962798526
2024-07-04,23522.529296875,23360.880859375,23571.8203125,23360.880859375,5651.72021484375,974.8978271484375,41893299,177.91458129882812,99.931877136230469,26.302040100097656,32.621498107910156,19.065609043062516
2024-07-05,23556.58984375,23532.009765625,23628.859375,23491.7890625,5656.31005859375,974.8978271484375,19998094,179.37696838378906,100.21959686279297,26.4124755859375,32.506599426269531,19.621463812384299
2024-07-08,23878.150390625,23550.640625,24011.640625,23505.859375,5765.2099609375,1003.9993286132812,40146763,181.95079040527344,103.28851318359375,26.541316986083984,32.393001556396484,17.409087213758625
2024-07-09,23900.080078125,23888.19921875,24126.66015625,23607.919921875,5765.2001953125,1008.849609375,46373121,179.89369201660156,103.52827453613281,26.50450325012207,32.471000671386719,15.801763512960276
2024-07-10,24007.080078125,23744.880859375,24040.609375,23682.490234375,5904.5400390625,1013.6998291015625,46206302,186.25994873046875,103.52827453613281,26.909435272216797,32.507499694824219,19.460318581291823
2024-07-11,24390.029296875,24242.029296875,24416.669921875,24151.80078125,5699.66015625,1047.6512451171875,41724336,179.87419128417969,105.5902099609375,27.148710250854492,32.586898803710938,11.898727674804622
2024-07-12,23916.9296875,23955.669921875,24045.73046875,23774.220703125,5775.18994140625,1008.849609375,68983062,182.65272521972656,101.70610046386719,27.213130950927734,32.386798858642578,17.272921904365425
2024-07-15,23879.359375,23927.91015625,24018.310546875,23759.509765625,5777.7099609375,1008.849609375,38393309,180.57612609863281,102.71309661865234,26.983058929443359,32.548000335693359,16.51670889812118
2024-07-16,23997.25,23880.330078125,24174.1796875,23861.76953125,5804.02978515625,1023.4002075195312,32125609,181.37556457519531,103.24057006835938,26.937044143676758,32.574001312255859,15.46075201222401
2024-07-17,23769.8203125,23827.26953125,23993.6796875,23650.939453125,5408.7099609375,999.1490478515625,54022399,166.90765380859375,101.80200958251953,26.854219436645508,32.563301086425781,8.793862062622182
2024-07-18,23398.470703125,23373.009765625,23450.91015625,23148.740234375,5436.419921875,974.8978271484375,81990095,167.56083679199219,99.212593078613281,26.918638229370117,32.490798950195312,11.687303192771981
2024-07-19,22869.259765625,23228.0390625,23235.8203125,22865.83984375,5267.16015625,940.9462890625,92507621,161.61381530761719,97.438377380371094,26.679361343383789,32.638999938964844,12.119328579674548
2024-07-22,22256.990234375,22818.859375,22818.859375,22130.880859375,5477.830078125,910.87469482421875,83062356,165.10403442382812,94.369461059570312,26.053560256958008,32.780998229980469,18.836873852437151
2024-07-23,22871.83984375,22514.75,22871.83984375,22514.75,5397.89990234375,949.67669677734375,47213266,165.56222534179688,97.342475891113281,26.40327262878418,32.808498382568359,14.393625131022535
2024-07-26,22119.2109375,22206.9296875,22206.9296875,21889.609375,5103.1298828125,896.32403564453125,82081735,157.87982177734375,93.218605041503906,26.12718391418457,32.643001556396484,14.995717241823492
2024-07-29,22164.490234375,22321.369140625,22471.400390625,22128.140625,5087.6201171875,915.72503662109375,40809258,155.99821472167969,90.197639465332031,26.486099243164062,32.798000335693359,11.745978196428354
2024-07-30,22223.5703125,22040.0390625,22276.390625,21833.849609375,4890.14990234375,911.8447265625,41761392,150.66532897949219,93.650177001953125,26.292837142944336,32.849300384521484,8.5546805285133143
2024-07-31,22199.349609375,22088.779296875,22315.310546875,22046.2890625,5233.18017578125,906.02459716796875,39894991,161.64302062988281,93.458358764648438,26.716175079345703,32.761501312255859,16.898990359334309
2024-08-01,22642.099609375,22546.400390625,22652.2109375,22465.060546875,4859.58984375,931.245849609375,47382270,154.21408081054688,95.760055541992188,26.725376129150391,32.572299957275391,7.8792952452600318
2024-08-02,21638.08984375,22141.19921875,22141.19921875,21636.220703125,4607.759765625,875.953125,76144485,146.10270690917969,90.72509765625,26.320446014404297,32.716499328613281,9.137554877785492
2024-08-05,19830.880859375,20982.919921875,20982.919921875,19783.5,4519.4501953125,790.58892822265625,144057989,144.24055480957031,82.477363586425781,24.387826919555664,32.588901519775391,18.91492703836586
2024-08-06,20501.01953125,20344.390625,20751.5,19662.740234375,4567.56982421875,853.64202880859375,102930842,151.49403381347656,86.265571594238281,24.857175827026367,32.679000854492188,15.989454440302042
2024-08-07,21295.279296875,20638.279296875,21306.23046875,20638.279296875,4426.27001953125,892.4439697265625,59158704,151.15280151367188,89.766067504882812,25.363338470458984,32.777999877929688,11.031878249608894
2024-08-08,20870.099609375,21047.16015625,21074.189453125,20723.259765625,4730.009765625,869.1627197265625,38236391,160.42436218261719,88.087745666503906,25.390949249267578,32.650001525878906,20.526468776719376
2024-08-09,21469,21212,21613.759765625,21212,4709.4501953125,906.02459716796875,49494621,162.92991638183594,90.197639465332031,26.03515625,32.410198211669922,16.56617052234699
2024-08-12,21773.259765625,21598.9296875,21897.98046875,21598.9296875,4743.81982421875,911.8447265625,38331663,163.4271240234375,91.588241577148438,26.099576950073242,32.435001373291016,16.264509465688516
2024-08-13,21796.5703125,21816.0703125,21866.630859375,21698.470703125,4942.31005859375,912.8148193359375,25764381,168.01904296875,92.163665771484375,26.053560256958008,32.238998413085938,18.682684480919921
2024-08-14,22027.25,21952.029296875,22155.2890625,21942.220703125,4933.35009765625,919.60516357421875,36780856,165.70848083496094,93.02679443359375,26.384866714477539,32.305000305175781,16.424151059295021
2024-08-15,21895.169921875,22005.689453125,22089.0390625,21895.169921875,5173.3798828125,914.75494384765625,19476402,169.59844970703125,92.355476379394531,26.182401657104492,31.995000839233398,18.63947994388424
2024-08-16,22349.330078125,22114.720703125,22374.939453125,22114.720703125,5170.25,939.9761962890625,44062316,170.16389465332031,94.417404174804688,26.605737686157227,32.442501068115234,17.461322017293067
2024-08-19,22409.630859375,22338.830078125,22485.91015625,22307.169921875,5266.56982421875,943.85638427734375,21348863,171.05105590820312,94.753074645996094,26.513708114624023,32.135501861572266,16.475591353245012
2024-08-20,22429.099609375,22464.0703125,22545.890625,22369.25,5196.2998046875,943.85638427734375,24039959,167.72657775878906,94.513313293457031,26.522911071777344,31.910499572753906,13.41214568377822
2024-08-21,22237.890625,22316.779296875,22358.880859375,22165.8203125,5267.93017578125,929.3056640625,29758188,167.14161682128906,93.746078491210938,26.449287414550781,31.895000457763672,14.73043049628593
2024-08-22,22148.830078125,22254.58984375,22315.919921875,22096.259765625,5086.89990234375,922.51531982421875,24349754,162.26699829101562,93.31451416015625,26.384866714477539,31.694999694824219,11.500640711175802
2024-08-23,22158.05078125,22042.58984375,22159.26953125,21935.98046875,5228.64990234375,920.57525634765625,27592153,166.98562622070312,93.266555786132812,26.311243057250977,32.034999847412109,16.2182987998982
2024-08-26,22240.119140625,22250.490234375,22449.44921875,22164.529296875,5097.35009765625,921.54534912109375,25057581,164.83103942871094,93.794029235839844,26.688564300537109,31.754499435424805,13.594564900608175
2024-08-27,22185,22179.2109375,22205.109375,22059.509765625,5153.6298828125,913.784912109375,18693037,166.27394104003906,93.074752807617188,26.578128814697266,31.809000015258789,15.760453537597407
2024-08-28,22370.66015625,22210.5703125,22370.66015625,22108.859375,5059.56005859375,935.1259765625,31059233,164.95779418945312,94.417404174804688,26.596534729003906,31.694999694824219,11.82102449368012
2024-08-29,22201.849609375,22136.310546875,22273.619140625,22010.890625,5029.25,914.75494384765625,43530708,164.90902709960938,93.650177001953125,26.375663757324219,31.982999801635742,15.315810348725091
2024-08-30,22268.08984375,22230.0703125,22342.25,22230.0703125,5158.81982421875,915.72503662109375,63834981,167.39512634277344,94.177642822265625,26.458490371704102,31.857999801635742,16.473257551207212
2024-09-02,22235.099609375,22341.900390625,22439.310546875,22178.0390625,5158.81982421875,919.60516357421875,18646835,167.39512634277344,93.746078491210938,26.670158386230469,31.996000289916992,16.484220035848129
2024-09-03,22092.2109375,22240.109375,22303.5,22092.2109375,4759,911.8447265625,19547575,156.46615600585938,93.122703552246094,26.513708114624023,31.930999755859375,9.5827095048929714
2024-09-04,21092.75,21574.650390625,21574.650390625,20922.169921875,4770.85009765625,862.37237548828125,79709021,156.83662414550781,88.615219116210938,25.915517807006836,31.981000900268555,16.325438071983456
2024-09-05,21187.7109375,21271.08984375,21488.810546875,21150.990234375,4742.419921875,874.98297119140625,30512026,159.59568786621094,89.190643310546875,26.099576950073242,31.954999923706055,16.570958784361657
2024-09-06,21435.189453125,21255.44921875,21461.7109375,21125.140625,4528.22021484375,890.5037841796875,24458336,152.88818359375,90.293540954589844,26.348052978515625,32.006999969482422,9.9039032636375914
2024-09-09,21144.439453125,21127.810546875,21163.91015625,20922.509765625,4625.77978515625,872.07281494140625,35885268,158.69877624511719,88.231597900390625,26.191604614257812,32.025901794433594,16.560712267229682
2024-09-10,21064.080078125,21252.5703125,21324.4296875,20977,4680.669921875,876.92315673828125,33498628,158.35751342773438,88.615219116210938,26.163995742797852,32.108001708984375,15.963257959344768
2024-09-11,21031,21089.1796875,21134.05078125,21031,4910.169921875,874.012939453125,18029342,165.96194458007812,88.615219116210938,26.090372085571289,32.158000946044922,22.12643840611792
2024-09-12,21653.25,21373.640625,21706.849609375,21373.640625,4898.43994140625,915.91107177734375,39454846,167.74873352050781,91.732101440429688,26.173200607299805,32.106998443603516,17.607669391045611
2024-09-13,21759.650390625,21754.359375,21796.390625,21643.220703125,4980.490234375,922.73175048828125,25347586,168.79576110839844,92.019805908203125,26.228416442871094,31.923000335693359,16.793794852634214
2024-09-16,21850.080078125,21800,21854.740234375,21736.69921875,4910.43994140625,922.73175048828125,13626239,165.44921875,92.451377868652344,26.320446014404297,31.937999725341797,14.532031659240573
2024-09-18,21678.83984375,21813.5390625,21859.16015625,21584.630859375,4859.2900390625,916.885498046875,28424324,163.68785095214844,90.964859008789062,26.32965087890625,31.93950080871582,14.040591960498361
2024-09-19,22042.689453125,21675.400390625,22042.689453125,21656.66015625,5066.64990234375,935.398681640625,32739630,172.4359130859375,92.49932861328125,26.679361343383789,31.778999328613281,17.16588602788196
2024-09-20,22159.419921875,22246.240234375,22354.5390625,22136.529296875,5000.06005859375,948.06549072265625,60133709,170.34184265136719,93.746078491210938,26.725376129150391,31.767999649047852,14.157084094306205
2024-09-23,22285.529296875,22170.939453125,22307.4609375,22170.939453125,5025.81005859375,951.9630126953125,14497067,171.00723266601562,93.889930725097656,26.900232315063477,31.98900032043457,14.927793361666165
2024-09-24,22431.779296875,22273.7890625,22431.779296875,22154.55078125,5091.77978515625,961.7066650390625,26785975,178.06242370605469,94.992835998535156,26.964651107788086,31.933000564575195,18.249517933914206
2024-09-25,22761.599609375,22569.2890625,22785.3203125,22569.2890625,5132.52001953125,979.245361328125,39405222,178.43424987792969,96.431388854980469,27.148710250854492,31.700000762939453,15.524996709574769
2024-09-26,22858.810546875,22841.419921875,22961.76953125,22769.240234375,5310.5,988.98907470703125,38321585,182.81803894042969,97.294525146484375,27.259147644042969,31.863000869750977,17.799710487007371
2024-09-27,22822.7890625,22978.970703125,23079.2109375,22806.830078125,5217.22998046875,974.37347412109375,35783779,174.1483154296875,97.438377380371094,27.084291458129883,31.459999084472656,12.455972776195235
2024-09-30,22224.5390625,22643.91015625,22691.23046875,22224.5390625,5173.06005859375,932.47552490234375,61603217,169.94064331054688,93.602218627929688,27.01066780090332,31.575000762939453,15.088831800639401
2024-10-01,22390.390625,22329.650390625,22446.859375,22311.330078125,5024.93994140625,947.091064453125,26760355,168.37503051757812,94.65716552734375,26.918638229370117,31.579999923706055,12.286635371635768
2024-10-04,22302.7109375,22459.099609375,22493.05078125,22193.5,5206.83984375,951.9630126953125,40934818,177.26982116699219,94.465362548828125,26.734577178955078,32.018001556396484,19.24466254118007
2024-10-07,22702.560546875,22479.240234375,22719.0703125,22479.240234375,5196.7998046875,979.245361328125,39667071,180.5478515625,96.191627502441406,27.102697372436523,32.340000152587891,19.253412426922178
2024-10-08,22611.390625,22691.3203125,22691.3203125,22418.380859375,5266.10009765625,984.1171875,30845902,182.0548095703125,96.383430480957031,26.964651107788086,32.121799468994141,18.846173192834193
2024-10-09,22659.080078125,22637.169921875,22885.94921875,22637.169921875,5321.89990234375,993.86102294921875,46975717,183.12139892578125,96.575241088867188,26.900232315063477,32.169998168945312,18.548065214508135
2024-10-11,22901.640625,22726.189453125,23011.109375,22726.189453125,5335.93994140625,1018.2203979492188,43058754,186.71258544921875,98.685127258300781,26.900232315063477,32.195499420166016,18.074730160096799
2024-10-14,22975.2890625,22947.3203125,23015.55078125,22799.140625,5432.2099609375,1018.2203979492188,36858874,188.08251953125,99.308502197265625,26.891027450561523,32.130001068115234,18.699086476840556
2024-10-15,23292.0390625,23083.69921875,23353.91015625,23082.060546875,5145.2099609375,1042.5797119140625,42850176,183.11161804199219,100.98682403564453,27.222335815429688,32.152000427246094,12.939178736007118
2024-10-16,23010.98046875,22990.640625,23258.51953125,22866.73046875,5155.85986328125,1018.2203979492188,52652149,183.4541015625,99.164649963378906,27.038276672363281,32.171001434326172,15.925828561029265
2024-10-17,23053.83984375,23114.2109375,23191.7890625,22950.69921875,5204.81005859375,1008.4766235351562,54173771,201.41983032226562,99.164649963378906,27.194725036621094,32.134998321533203,28.364421311821665
2024-10-18,23487.26953125,23620.5703125,23713.69921875,23378.359375,5208.6201171875,1057.1953125,85011961,196.46849060058594,102.08971405029297,27.526033401489258,32.068000793457031,19.189929012646758
2024-10-21,23542.529296875,23602.98046875,23678.509765625,23480.060546875,5215.2099609375,1057.1953125,36491060,197.61335754394531,102.28152465820312,27.176322937011719,32.041999816894531,19.787272822192147
2024-10-22,23535.4296875,23428.109375,23535.4296875,23269.859375,5190.7099609375,1047.4515380859375,41197877,194.21784973144531,101.89791107177734,27.259147644042969,32.050998687744141,18.857547495783543
2024-10-23,23334.759765625,23402.240234375,23486.44921875,23318.83984375,5131.3701171875,1032.8359375,31423466,196.54678344726562,101.56224822998047,27.084291458129883,32.013999938964844,21.844108726793763
2024-10-24,23192.51953125,23446.640625,23446.640625,23150.76953125,5157.60986328125,1032.8359375,38236996,193.67970275878906,100.79501342773438,26.964651107788086,32.004001617431641,20.02923785474815
2024-10-25,23348.44921875,23255.0703125,23388.529296875,23222.76953125,5212.830078125,1037.707763671875,22009575,199.07138061523438,101.17863464355469,27.075088500976562,31.983800888061523,22.713920489129968
2024-10-28,23198.0703125,23455.689453125,23547.119140625,23164.419921875,5211.669921875,1023.0921630859375,40142324,190.49948120117188,100.89091491699219,27.029073715209961,32.063800811767578,19.405418990906043
2024-10-29,22926.58984375,23048.44921875,23056.5703125,22711.099609375,5332.169921875,1013.3485107421875,45415773,192.71095275878906,98.637176513671875,26.872623443603516,32.013801574707031,21.762851328889219
2024-10-30,22820.4296875,22985.130859375,23116.330078125,22801.44921875,5153.490234375,1003.6046752929688,38201984,190.30375671386719,98.589225769042969,26.854219436645508,32.002998352050781,21.368322855313693
2024-11-01,22780.080078125,22438.9296875,22828.98046875,22231.939453125,5001.43017578125,998.7327880859375,54480255,188.806640625,97.917900085449219,26.752985000610352,31.862800598144531,20.470828906485483
2024-11-04,22965.390625,22839.1796875,23020.990234375,22792.76953125,4974,1013.3485107421875,26747978,187.44647216796875,99.260551452636719,27.102697372436523,31.922800064086914,18.099867721794681
2024-11-05,23106.7890625,22870.109375,23178.80078125,22849.830078125,5057.830078125,1023.0921630859375,32385622,191.55628967285156,99.788032531738281,27.148710250854492,31.91200065612793,19.499389444780579
2024-11-06,23217.380859375,23112.94921875,23439.390625,23035.30078125,5215.56982421875,1032.8359375,55349259,189.07083129882812,100.69911193847656,27.00146484375,31.822299957275391,16.507733480424534
2024-11-07,23408.8203125,23180.009765625,23518.630859375,23132.939453125,5333.990234375,1037.707763671875,43975446,196.86970520019531,102.04176330566406,27.121101379394531,32.334598541259766,22.687775989258618
2024-11-08,23553.890625,23608.109375,23699.69921875,23509.130859375,5290.52001953125,1062.067138671875,37099479,196.87947082519531,102.9049072265625,27.194725036621094,32.034000396728516,18.765317499772504
2024-11-11,23529.640625,23477.75,23563.80078125,23306.66015625,5156.39013671875,1057.1953125,34690205,189.88301086425781,101.80200958251953,27.157915115356445,32.235000610351562,15.794667243281847
2024-11-12,22981.76953125,23276.759765625,23276.759765625,22981.76953125,5108.64013671875,1023.0921630859375,51099848,187.6519775390625,100.26754760742188,26.854219436645508,32.374801635742188,18.761452165900195
2024-11-13,22860.23046875,22894.91015625,23046.470703125,22860.23046875,5006.2900390625,1008.4766235351562,42331232,182.65170288085938,100.21959686279297,26.716175079345703,32.414798736572266,17.417063511514421
2024-11-14,22715.380859375,22821.0390625,22893.8203125,22619.7109375,5004.58984375,1008.4766235351562,44627940,184.45220947265625,98.924888610839844,26.50450325012207,32.408000946044922,18.549646855181301
2024-11-15,22742.76953125,22767.109375,22940.80078125,22690.76953125,4833.58984375,1008.4766235351562,34791611,182.01567077636719,98.781028747558594,26.780593872070312,32.537200927734375,17.450029357880382
2024-11-18,22546.5390625,22693.9609375,22781.76953125,22503.689453125,4888.77001953125,998.7327880859375,31815076,183.4541015625,97.509590148925781,26.598346710205078,32.461799621582031,19.256128480420042
2024-11-19,22848.80078125,22614.740234375,22906.689453125,22578.75,4919.16015625,1013.3485107421875,24349599,185.59707641601562,98.487617492675781,26.809370040893555,32.442298889160156,18.837611388656139
2024-11-20,22688.359375,22872.91015625,22977.560546875,22622.470703125,4884.25,998.7327880859375,40203197,184.31520080566406,98.487617492675781,26.847736358642578,32.32550048828125,19.312816895893835
2024-11-21,22555.66015625,22671.66015625,22708.5703125,22490.279296875,4963.0498046875,984.1171875,41429227,187.13337707519531,97.558494567871094,26.723043441772461,32.471500396728516,23.49142165426008
2024-11-22,22904.3203125,22799.529296875,23019.0390625,22799.529296875,4955.7998046875,1013.3485107421875,25187973,185.99826049804688,99.318954467773438,26.761409759521484,32.505298614501953,19.325758812016858
2024-11-25,22948.369140625,22996.05078125,23172.4296875,22948.369140625,4987.919921875,1003.6046752929688,49566674,181.10563659667969,99.465652465820312,26.982023239135742,32.568500518798828,17.543075768046457
2024-11-26,22678.759765625,22789.599609375,22832.109375,22645.130859375,4927.56005859375,984.1171875,27312402,179.89225769042969,98.047508239746094,26.943655014038086,32.332000732421875,18.202927075775666
2024-11-27,22334.779296875,22665.580078125,22743.990234375,22334.779296875,4853.009765625,974.37347412109375,31276090,177.29914855957031,96.384864807128906,26.818960189819336,32.404998779296875,17.929702423923398
2024-11-28,22298.900390625,22380.44921875,22413.25,22124.310546875,4853.009765625,979.245361328125,33689956,177.29914855957031,95.651336669921875,26.847736358642578,32.414798736572266,17.378472111002587
2024-11-29,22262.5,22202.279296875,22429.859375,22055.380859375,4926.56005859375,970.47607421875,40094983,180.69465637207031,96.140357971191406,26.684673309326172,32.494300842285156,21.003426683632309
2024-12-02,22736.9296875,22456.5,22802.529296875,22456.5,5055.31982421875,1008.4766235351562,31168404,190.22550964355469,98.927742004394531,27.020391464233398,32.438999176025391,22.377157914779655
2024-12-03,23027.4609375,22972.30078125,23144.779296875,22972.30078125,5035.85986328125,1027.9639892578125,43414538,194.61906433105469,100.19917297363281,27.288965225219727,32.591499328613281,23.407574015515699
2024-12-04,23255.330078125,23126.080078125,23255.330078125,23034.69921875,5121.77978515625,1042.5797119140625,33466290,196.38044738769531,100.78599548339844,27.279373168945312,32.464000701904297,22.298466179244446
2024-12-05,23267.939453125,23308.2890625,23387.169921875,23225.310546875,5026.3701171875,1047.4515380859375,31425359,199.91291809082031,101.37281036376953,27.394474029541016,32.312999725341797,23.342910530548377
2024-12-06,23193.26953125,23278.6796875,23361.119140625,23137.619140625,5061.2998046875,1037.707763671875,30765288,198.660400390625,100.63928985595703,27.413658142089844,32.322799682617188,23.758548437055182
2024-12-09,23273.25,23287.7890625,23325.990234375,23172.220703125,5018.83984375,1047.4515380859375,22247131,194.89306640625,101.32390594482422,27.442436218261719,32.38800048828125,20.524845310988994
2024-12-10,23125.080078125,23228.259765625,23329.009765625,23071.4296875,4894.7001953125,1037.707763671875,28506584,187.81832885742188,100.83489227294922,27.37529182434082,32.370800018310547,17.178068355270405
2024-12-11,22903.630859375,23108.359375,23108.359375,22880.5703125,5027.7998046875,1018.2203979492188,25264194,190.42121887207031,99.856864929199219,27.298555374145508,32.523799896240234,21.647958164402258
2024-12-12,23046.80078125,23050.640625,23189.2890625,23030.48046875,4982.18994140625,1036.8040771484375,22791260,187.94357299804688,101.17720031738281,27.624679565429688,32.485801696777344,17.77534014701283
2024-12-13,23020.48046875,23002.369140625,23097.51953125,22920.83984375,5149.77978515625,1041.69482421875,20423659,197.29853820800781,101.12830352783203,27.519170761108398,32.465999603271484,22.982165491533777
2024-12-16,23039.900390625,23207.2109375,23264.400390625,22959.91015625,5256.06005859375,1061.2572021484375,39722392,198.50592041015625,101.27500915527344,27.624679565429688,32.498298645019531,21.574763803420073
2024-12-17,23018.009765625,23131.5703125,23223.509765625,23018.009765625,5169.7900390625,1051.4759521484375,37880707,196.974609375,101.81292724609375,27.279373168945312,32.416999816894531,21.454529948980252
2024-12-18,23168.669921875,23014.4296875,23211.169921875,22934.58984375,4970.97998046875,1061.2572021484375,41863190,191.96826171875,101.51951599121094,27.279373168945312,32.429798126220703,17.322963021169823
2024-12-19,22932.25,22947.560546875,22947.560546875,22743.30078125,4893.47021484375,1046.5853271484375,42702851,191.06517028808594,100.63928985595703,27.049167633056641,32.678001403808594,19.314264034344998
2024-12-20,22510.25,22798.390625,22845.58984375,22510.25,4964.91015625,1012.3512573242188,52030520,193.58798217773438,99.563461303710938,26.857328414916992,32.630001068115234,24.794156564389304
2024-12-23,23104.5390625,22811.560546875,23132.25,22811.560546875,5118.75,1056.3663330078125,30728473,203.55154418945312,101.81292724609375,27.183452606201172,32.616001129150391,25.69573996588943
2024-12-24,23120.240234375,23260.740234375,23326.25,23120.240234375,5173.56005859375,1056.3663330078125,26461906,202.54043579101562,101.86183166503906,27.241004943847656,32.608001708984375,25.040692230448691
2024-12-25,23220.130859375,23226.349609375,23296.359375,23159.359375,5173.56005859375,1061.2572021484375,15481622,202.54043579101562,102.05743408203125,27.193046569824219,32.613998413085938,24.487323866471876
2024-12-26,23246.939453125,23276.080078125,23320.619140625,23241.939453125,5175.31005859375,1061.2572021484375,14374900,199.33050537109375,102.49755096435547,27.193046569824219,32.707901000976562,22.867150827410022
2024-12-27,23275.6796875,23251.279296875,23335.66015625,23204.349609375,5122.97021484375,1066.1475830078125,24948385,197.92677307128906,102.64424896240234,27.193046569824219,32.721500396728516,21.492766795081163
2024-12-30,23190.19921875,23274.259765625,23331.669921875,23159.69921875,5026.509765625,1066.1475830078125,23954634,196.70954895019531,102.05743408203125,27.221820831298828,32.808498382568359,21.06663320214912
2024-12-31,23035.099609375,23094.0703125,23123.9609375,22972.990234375,4979.93017578125,1051.4759521484375,28397820,193.86282348632812,101.51951599121094,26.934062957763672,32.759998321533203,20.800590047602551
2025-01-02,22832.060546875,22975.7109375,23038.080078125,22713.630859375,5021.5,1041.69482421875,43177098,197.87770080566406,100.00357055664062,26.934062957763672,32.800998687744141,24.615886602455241
2025-01-03,22908.30078125,23018.560546875,23092.0703125,22905.400390625,5163.64990234375,1051.4759521484375,30415096,204.778564453125,101.37281036376953,26.982023239135742,32.869800567626953,28.030138213735146
2025-01-06,23547.7109375,23131.7890625,23553.2890625,23131.7890625,5310.14013671875,1100.3818359375,69289786,215.96919250488281,104.35580444335938,27.241004943847656,32.912300109863281,29.192297547326373
2025-01-07,23651.26953125,23824.720703125,23943.94921875,23651.26953125,5212.25,1105.2724609375,48758688,207.53697204589844,105.6761474609375,27.260189056396484,32.735801696777344,22.936007215479304
2025-01-08,23407.330078125,23522.2890625,23671.279296875,23388.630859375,5162.35009765625,1080.8194580078125,45211419,203.31593322753906,104.50251007080078,27.202638626098633,32.724498748779297,23.117916747635103
2025-01-09,23081.130859375,23406.720703125,23463.9609375,23081.130859375,5162.35009765625,1075.9288330078125,27263215,203.31593322753906,102.98656463623047,27.116310119628906,32.920299530029297,24.417549111808601
2025-01-10,23011.859375,23067.4609375,23202.25,22989.669921875,5037.47021484375,1075.9288330078125,22021522,204.54299926757812,102.79095458984375,26.857328414916992,32.831001281738281,24.828915539912643
2025-01-13,22488.330078125,23070.3203125,23070.3203125,22458.220703125,5020.0400390625,1051.4759521484375,56690300,197.66172790527344,99.856864929199219,26.636714935302734,33.096298217773438,24.432165654888884
2025-01-14,22797.51953125,22573.9609375,22797.51953125,22542.9296875,5045.9501953125,1066.1475830078125,28695247,197.75007629394531,100.63928985595703,26.847736358642578,33.054500579833984,22.619609436802168
2025-01-15,22514.5703125,22757.4609375,22777.33984375,22509.650390625,5153.669921875,1041.69482421875,35489482,203.00181579589844,99.465652465820312,26.857328414916992,32.952400207519531,28.432952174385974
2025-01-16,23025.099609375,22817.51953125,23147.689453125,22817.51953125,5162.9599609375,1080.8194580078125,47542962,210.84506225585938,102.35084533691406,27.049167633056641,32.796001434326172,27.956152397725841
2025-01-17,23148.080078125,23190.119140625,23209.880859375,22905.529296875,5309.740234375,1095.4913330078125,59214050,207.61549377441406,104.64921569824219,27.020391464233398,32.842998504638672,24.486888140889974
2025-01-20,23266.8203125,23203.470703125,23346.640625,23176.4296875,5309.740234375,1095.4913330078125,29834528,207.61549377441406,103.86678314208984,26.953248977661133,32.909999847412109,24.740847555160528
2025-01-21,23300.009765625,23266.8203125,23377.640625,23174.01953125,5378.5,1095.4913330078125,21904213,214.68325805664062,103.86678314208984,27.164268493652344,32.316001892089844,26.659232520079357
2025-01-22,23525.41015625,23472.669921875,23642.080078125,23472.669921875,5469.2900390625,1110.1630859375,42960405,219.10060119628906,104.942626953125,27.269781112670898,32.583999633789062,28.614867483438687
2025-02-03,22694.7109375,22796.7109375,22796.7109375,22502.19921875,4924.81005859375,1046.5853271484375,97946226,196.13040161132812,99.661262512207031,27.269781112670898,32.827999114990234,23.039535974808768
2025-02-04,22793.9609375,22836.26953125,22934.310546875,22720.619140625,4976.58984375,1071.038330078125,53308108,200.30235290527344,100.98159790039062,27.049167633056641,32.98699951171875,23.382579911970257
2025-02-05,23161.580078125,22916.380859375,23249.330078125,22916.380859375,5091.5,1085.7099609375,40385340,204.73930358886719,102.69315338134766,27.241004943847656,32.8916015625,24.051613047997211
2025-02-06,23316.599609375,23226.5,23348.419921875,23216.650390625,5092.58984375,1090.6005859375,29971252,206.63386535644531,103.32887268066406,27.432842254638672,32.821800231933594,24.373588962479786
2025-02-07,23478.26953125,23289.970703125,23478.26953125,23254.169921875,5009.33984375,1100.3818359375,27883220,202.33427429199219,103.81788635253906,27.413658142089844,32.796001434326172,20.608227674714573
2025-02-10,23252.140625,23421.76953125,23448.16015625,23163.849609375,5082.669921875,1080.8194580078125,28527108,204.13070678710938,102.83985900878906,27.461618423461914,32.827899932861328,24.001883311450257
2025-02-11,23384.05078125,23321.919921875,23485.509765625,23289.759765625,5079.97021484375,1085.7099609375,18898928,204.90620422363281,103.32887268066406,27.528762817382812,32.865398406982422,24.053831689214178
2025-02-12,23289.75,23449.310546875,23528.609375,23289.75,5090.7900390625,1075.9288330078125,24172954,202.58955383300781,102.98656463623047,27.586313247680664,32.803298950195312,23.532439966177332
2025-02-13,23399.41015625,23263.279296875,23413.099609375,23206.44921875,5156.39013671875,1066.1475830078125,33210403,198.12310791015625,102.59535217285156,27.701416015625,32.855800628662109,22.112424905798477
2025-02-14,23152.609375,23198.390625,23276.240234375,23142.94921875,5160.93994140625,1036.8040771484375,64486940,200.15507507324219,101.12830352783203,27.682233810424805,32.615299224853516,25.927700493642902
2025-02-17,23505.330078125,23258.169921875,23510.6796875,23242.83984375,5160.93994140625,1061.2572021484375,35491271,200.15507507324219,102.35084533691406,27.845294952392578,32.665500640869141,23.215479147602778
2025-02-18,23666.109375,23550.5,23666.109375,23454.08984375,5247.85986328125,1075.9288330078125,21616188,199.01638793945312,103.08436584472656,27.845294952392578,32.706600189208984,20.995910356627491
2025-02-19,23604.080078125,23589.439453125,23683.4609375,23550.990234375,5309.68994140625,1066.1475830078125,26400293,197.25926208496094,103.47557830810547,27.816518783569336,32.721298217773438,21.082282486450808
2025-02-20,23487.4609375,23530.970703125,23576.7109375,23400.75,5310.6298828125,1056.3663330078125,29643124,196.42488098144531,102.93766021728516,27.787742614746094,32.746200561523438,21.779128071553355
2025-02-21,23730.25,23526.130859375,23732.580078125,23488.419921875,5136.58984375,1071.038330078125,28972910,194.59902954101562,103.37776947021484,27.835702896118164,32.69329833984375,18.802174502277992
2025-02-24,23565.310546875,23573.80078125,23605.220703125,23461.4296875,5003.5400390625,1051.4759521484375,30822970,188.13008117675781,102.88875579833984,27.77815055847168,32.772998809814453,17.274901321295854
2025-02-25,23285.720703125,23376.419921875,23376.419921875,23209.529296875,4888.8798828125,1031.91357421875,45158522,185.89195251464844,101.32390594482422,27.74937629699707,32.699699401855469,17.812404455577436
2025-02-26,23402.55078125,23221.83984375,23431.240234375,23156.01953125,4990.81982421875,1036.8040771484375,36768449,191.0455322265625,101.37281036376953,27.969989776611328,32.778301239013672,20.797133107597119
2025-02-27,23053.1796875,23446.4609375,23487.73046875,23053.1796875,4686.75,1017.241943359375,55283596,177.76402282714844,100.54148864746094,27.854887008666992,32.750301361083984,14.462942798475776
2025-03-03,22756.25,22734.05078125,22775.01953125,22611.099609375,4575.3701171875,997.6795654296875,65621663,169.79316711425781,97.900802612304688,27.941213607788086,32.904998779296875,12.000769590210814
2025-03-04,22596.880859375,22508.80078125,22700.939453125,22359.5,4604.509765625,978.1171875,64569262,176.69404602050781,97.509590148925781,27.77815055847168,32.888900756835938,18.825699377504979
2025-03-05,22871.900390625,22778.859375,22948.30078125,22757.220703125,4700.7900390625,997.6795654296875,41994320,180.89544677734375,99.074447631835938,27.77815055847168,32.7947998046875,18.924555903627649
2025-03-06,22715.4296875,22930.109375,22979.970703125,22715.4296875,4487.85009765625,983.0076904296875,45187017,172.62026977539062,98.1942138671875,27.787742614746094,32.801101684570312,15.200218204712979
2025-03-07,22576.0703125,22696.23046875,22747.109375,22542.080078125,4629.58984375,983.0076904296875,40822280,173.84730529785156,97.411788940429688,27.57672119140625,32.857898712158203,16.219989008662527
2025-03-10,22459.150390625,22548.98046875,22641.25,22407.5703125,4405.08984375,976.16094970703125,46849886,167.51576232910156,96.531562805175781,27.595905303955078,32.826999664306641,12.666663738062445
2025-03-11,22071.08984375,22126.060546875,22140.390625,21769.5703125,4374.06982421875,949.75177001953125,50204233,167.82987976074219,94.722206115722656,27.356107711791992,32.866600036621094,16.156614947442293
2025-03-12,22278.359375,22171.099609375,22391.470703125,22153.609375,4481.02001953125,966.37982177734375,34184887,173.91600036621094,95.749137878417969,27.365699768066406,32.868801116943359,18.305666121582377
2025-03-13,21961.6796875,22403.33984375,22552.4296875,21961.6796875,4453.240234375,943.88311767578125,37035693,168.43850708007812,94.673309326171875,27.317739486694336,32.906299591064453,17.444371508561417
2025-03-14,21968.05078125,21986.810546875,22074.029296875,21895.900390625,4598.7900390625,938.01446533203125,34333748,170.892578125,94.233192443847656,27.32733154296875,32.968399047851562,20.127245755146195
2025-03-17,22118.630859375,22137.529296875,22306.830078125,22110.080078125,4663.97021484375,948.77374267578125,31491061,173.00309753417969,94.966712951660156,27.528762817382812,32.925998687744141,20.077095437339377
2025-03-18,22271.669921875,22204.619140625,22327.099609375,22186.419921875,4589.02978515625,954.17840576171875,21575327,170.61238098144531,95.55352783203125,27.528762817382812,32.956401824951172,17.855741651321956
2025-03-19,21960.830078125,22245.419921875,22247.66015625,21942.689453125,4634.52978515625,935.50762939453125,35245036,171.23321533203125,94.08648681640625,27.480802536010742,32.979198455810547,20.728768279879773
2025-03-20,22377.259765625,22171,22377.259765625,22171,4601.3701171875,967.93585205078125,28715956,174.8892822265625,96.335960388183594,27.567129135131836,33.003299713134766,19.262519013200908
2025-03-21,22209.099609375,22362.380859375,22366.94921875,22200.23046875,4557.9501953125,955.1611328125,39214916,174.16001892089844,95.455726623535156,27.528762817382812,32.987300872802734,20.295283105588059
2025-03-24,22106.640625,22348.380859375,22380.73046875,22106.640625,4694.22021484375,955.1611328125,16121506,178.52561950683594,95.357925415039062,27.605497360229492,32.974998474121094,23.264689665404227
2025-03-25,22273.189453125,22269.369140625,22414.01953125,22228.6796875,4661.33984375,972.8492431640625,26167428,178.26937866210938,96.042549133300781,27.586313247680664,33.011299133300781,20.982851694116444
2025-03-26,22260.2890625,22327.609375,22398.119140625,22235.890625,4508.740234375,963.02252197265625,21735917,170.97698974609375,96.2381591796875,27.624679565429688,33.045299530029297,17.338602368903679
2025-03-27,21951.759765625,22093.19921875,22093.19921875,21919.400390625,4415.25,941.40362548828125,34563256,165.79348754882812,94.33099365234375,27.567129135131836,33.0885009765625,16.546353256749626
2025-03-28,21602.890625,21836.16015625,21836.16015625,21525.05078125,4284.91015625,935.50762939453125,33101234,162.84696960449219,92.668342590332031,27.40406608581543,33.111400604248047,15.276264529279239
2025-03-31,20695.900390625,21254.630859375,21254.630859375,20695.900390625,4270.43017578125,894.2352294921875,51064611,163.5860595703125,89.098533630371094,26.723043441772461,33.185798645019531,21.416241610507679
2025-04-01,21280.169921875,20884.529296875,21315.51953125,20884.529296875,4282.4599609375,927.64617919921875,32197752,166.18768310546875,90.956794738769531,26.943655014038086,33.239101409912109,19.095607262447611
2025-04-02,21298.220703125,21313.76953125,21390.51953125,21235.990234375,4320.75,925.68084716796875,24849656,167.91221618652344,91.103500366210938,27.106718063354492,33.203498840332031,20.457781804254083
2025-04-07,19232.349609375,20153.5703125,20153.5703125,19212.01953125,3694.949951171875,833.3092041015625,23820773,144.04441833496094,82.0078125,24.401802062988281,33.162498474121094,14.648266927257048
2025-04-08,18459.94921875,19064.470703125,19064.470703125,18180.48046875,3562.93994140625,801.8636474609375,116648736,139.314208984375,77.655586242675781,24.488128662109375,32.980098724365234,14.597946435409682
2025-04-09,17391.759765625,18337.439453125,18371.51953125,17306.970703125,4230.4501953125,771.40069580078125,107582838,156.44146728515625,73.939071655273438,23.212406158447266,33.080699920654297,34.176524926123065
2025-04-10,19000.029296875,18256.470703125,19024.470703125,18256.470703125,3893.300048828125,848.0494384765625,19416428,148.93231201171875,81.2742919921875,25.514463424682617,32.588100433349609,14.460806679562111
2025-04-11,19528.76953125,18772.5,19528.76953125,18418.19921875,3990.89990234375,873.59906005859375,76103586,154.79579162597656,83.279258728027344,24.986906051635742,32.786300659179688,16.190174579276583
2025-04-14,19513.08984375,19686.6796875,20023.630859375,19508.9296875,4003.219970703125,850.0147705078125,66326054,153.57379150390625,83.67047119140625,25.063642501831055,32.36199951171875,16.938084798057808
2025-04-15,19857.669921875,19609.900390625,19895.4296875,19576.150390625,4021.889892578125,861.806884765625,30562095,155.04212951660156,85.137519836425781,25.418542861938477,32.356800079345703,16.422072678359289
2025-04-16,19468,19737.08984375,19737.08984375,19453.140625,3857.169921875,840.18798828125,42128082,149.46446228027344,83.132553100585938,25.245887756347656,32.504001617431641,15.645383925205447
2025-04-17,19338.73046875,19389.51953125,19478,19196.470703125,3832.469970703125,832.3265380859375,33684502,149.53341674804688,82.69244384765625,24.938947677612305,32.378799438476562,16.341658920774105
2025-04-18,19395.029296875,19423.98046875,19499.279296875,19376.349609375,3832.469970703125,835.27459716796875,20101219,149.53341674804688,82.985847473144531,24.958131790161133,32.378799438476562,15.931036970384538
2025-04-21,19106.19921875,19321.140625,19359.9609375,19080.599609375,3751.909912109375,820.53448486328125,18415705,145.70985412597656,81.7633056640625,24.843029022216797,32.378799438476562,14.996023445395522
2025-04-22,18793.4296875,18990.859375,19059.650390625,18793.4296875,3832.050048828125,801.8636474609375,28888527,149.1983642578125,80.149559020996094,24.488128662109375,32.440601348876953,20.720889944771059
2025-04-23,19639.140625,19163.609375,19639.140625,19163.609375,3983.919921875,857.87615966796875,37863656,155.51515197753906,84.15948486328125,24.804662704467773,32.573600769042969,18.098362262777368
2025-04-24,19478.810546875,19752.58984375,19752.58984375,19433.369140625,4208.18994140625,849.0321044921875,32238198,161.79251098632812,83.621566772460938,24.795070648193359,32.532798767089844,23.989733111177515
2025-04-25,19872.73046875,19861.240234375,20012.26953125,19861.240234375,4251.60986328125,872.61639404296875,34640282,162.69915771484375,85.675430297851562,25.054052352905273,32.435600280761719,20.952227844470748
2025-04-28,20034.41015625,19972.0703125,20073.75,19972.0703125,4235.6201171875,881.46038818359375,21830091,161.02386474609375,86.164443969726562,25.082826614379883,32.519001007080078,18.810448887727137
2025-04-29,20232.630859375,20018.3203125,20232.630859375,20007.30078125,4196.75,886.373779296875,24362874,162.08816528320312,87.484779357910156,25.466501235961914,32.425899505615234,18.592284232323664
2025-04-30,20235.029296875,20215.390625,20331.890625,20185.310546875,4230.08984375,892.26983642578125,35405654,164.26603698730469,87.191375732421875,25.850179672241211,32.321701049804688,19.007894773353186
2025-05-02,20787.640625,20534.080078125,20787.640625,20534.080078125,4397.0498046875,933.542236328125,43873135,176.67292785644531,89.587547302246094,25.9556884765625,32.111598968505859,21.54244311928235
2025-05-05,20532.990234375,20839.0390625,20885.5390625,20320.80078125,4356.18017578125,921.75006103515625,52770209,173.83482360839844,89.098533630371094,25.322624206542969,30.704299926757812,15.811797306379116
2025-05-06,20522.58984375,20353.880859375,20623.849609375,20349.560546875,4311.2001953125,904.0618896484375,37538894,169.77474975585938,87.875999450683594,25.648748397827148,29.159999847412109,9.5197515493201657
2025-05-07,20546.490234375,20575.150390625,20685.279296875,20418.029296875,4386.35986328125,911.92340087890625,36907620,172.00187683105469,88.022705078125,25.581605911254883,29.97760009765625,13.084135678899479
2025-05-08,20543.400390625,20559.650390625,20747.279296875,20543.400390625,4430.43994140625,902.09661865234375,27985917,172.67198181152344,89.587547302246094,25.725482940673828,30.39069938659668,16.342799279336685
2025-05-09,20915.0390625,20690.80078125,20915.0390625,20643.560546875,4466.5,932.55963134765625,36383573,173.95309448242188,90.467781066894531,25.754261016845703,30.268999099731445,12.923310923824506
2025-05-12,21129.5390625,20996.94921875,21176.130859375,20996.94921875,4780.93017578125,940.4210205078125,23402547,184.26097106933594,91.592514038085938,26.118751525878906,30.246400833129883,18.526299759982546
2025-05-13,21330.140625,21474.01953125,21626.279296875,21330.140625,4931.35009765625,952.21307373046875,38047856,191.16903686523438,92.423835754394531,26.281814575195312,30.393100738525391,22.036127329555445
2025-05-14,21782.869140625,21552.419921875,21782.869140625,21552.419921875,4960.72998046875,981.69342041015625,40475123,191.9278564453125,95.06451416015625,26.607938766479492,30.424999237060547,18.965957487614983
2025-05-15,21730.25,21776.650390625,21821.009765625,21674.3203125,4932.4501953125,975.79730224609375,24662270,191.39569091796875,94.624404907226562,26.790185928344727,30.339700698852539,19.018324074783678
2025-05-16,21843.689453125,21731.880859375,21854.5,21697.849609375,4922.18994140625,980.71063232421875,16878650,191.39569091796875,94.722206115722656,27.00120735168457,30.166999816894531,17.747959134350676
2025-05-19,21523.830078125,21786.330078125,21786.330078125,21496.689453125,4897.7099609375,966.9532470703125,19906139,190.6861572265625,92.815048217773438,26.713451385498047,30.202600479125977,19.120915950445806
2025-05-20,21526.029296875,21631.609375,21746.560546875,21517.099609375,4890.77978515625,961.05718994140625,20897857,190.63690185546875,93.499671936035156,26.780593872070312,30.14579963684082,19.595418605076475
2025-05-21,21803.91015625,21603.580078125,21879.240234375,21603.580078125,4802.7099609375,972.8492431640625,26248757,188.97145080566406,94.477699279785156,27.183452606201172,30.146299362182617,17.115575037412036
2025-05-22,21670.9609375,21733.8203125,21733.8203125,21585.310546875,4775.47021484375,964.98785400390625,18747545,193.33705139160156,93.939788818359375,27.145084381103516,30.022100448608398,20.299635963976172
2025-05-23,21652.240234375,21766.240234375,21798.880859375,21559.779296875,4702.3798828125,966.9532470703125,22213030,189.18827819824219,93.450775146484375,27.241004943847656,30.046899795532227,17.575927372598276
2025-05-26,21536.5703125,21577.640625,21688.44921875,21536.5703125,4702.3798828125,959.091796875,19329052,189.18827819824219,93.157356262207031,27.212230682373047,29.971500396728516,18.242207337198479
2025-05-27,21336.5390625,21491.650390625,21558.470703125,21310,4861.08984375,948.2823486328125,26355315,194.80537414550781,88.805130004882812,26.866920471191406,29.915000915527344,22.908603209043555
2025-05-28,21357.720703125,21539.150390625,21634.369140625,21305.73046875,4834.419921875,950.24774169921875,26471533,193.28778076171875,92.815048217773438,26.684673309326172,29.964799880981445,21.901466655570356
2025-05-29,21347.30078125,21531.2890625,21605.259765625,21347.30078125,4860.47998046875,950.24774169921875,48602590,194.2830810546875,93.401870727539062,26.57916259765625,29.950000762939453,22.468660970644706
2025-06-02,21002.7109375,21253.970703125,21256.099609375,20940.98046875,4832.7900390625,929.6114501953125,33676511,192.00669860839844,91.152397155761719,26.406509399414062,29.871000289916992,23.394180409297949
2025-06-03,21126.9296875,21126.69921875,21303.2109375,21110.630859375,4964.41015625,933.542236328125,26020787,194.73640441894531,92.130424499511719,26.809370040893555,29.987300872802734,25.106694115255301
2025-06-04,21618.08984375,21341.439453125,21618.08984375,21341.439453125,5033.35009765625,972.8492431640625,37233567,199.45674133300781,93.646377563476562,27.183452606201172,29.965900421142578,22.874142959117314
2025-06-05,21674.4296875,21695.9296875,21738.9296875,21626.740234375,5010.919921875,980.71063232421875,24414444,200.38307189941406,94.722206115722656,27.039575576782227,29.941999435424805,22.357597193815515
2025-06-06,21660.66015625,21637.76953125,21702.4609375,21606.69921875,5038.06005859375,977.76263427734375,13670307,202.19631958007812,94.477699279785156,27.317739486694336,29.94529914855957,23.850698815838189
2025-06-09,21790.2890625,21773.44921875,21866.26953125,21717.51953125,5136.66015625,987.58935546875,21674308,203.98985290527344,95.602432250976562,27.480802536010742,29.917699813842773,23.592000065517627
2025-06-10,22242.140625,21921.240234375,22294.859375,21921.240234375,5242.5,1026.8963623046875,44877640,209.37045288085938,97.851905822753906,27.461618423461914,29.913799285888672,21.980482817512261
2025-06-11,22470.099609375,22376.369140625,22470.099609375,22294.599609375,5232.52978515625,1046.5499267578125,37178498,210.98663330078125,98.781036376953125,27.413658142089844,29.888900756835938,20.51328622767803
2025-06-12,22287.8203125,22362.669921875,22390.169921875,22253.640625,5249.14990234375,1031.25390625,25221606,213.07351684570312,98.781036376953125,27.528762817382812,29.807500839233398,23.174108601282349
2025-06-13,22072.94921875,22215.5,22228.009765625,21984.359375,5112.240234375,1016.4511108398438,28393455,208.7908935546875,97.558494567871094,27.49998664855957,29.525199890136719,21.296396879312883
2025-06-16,22049.900390625,22058.5703125,22094.599609375,21936.380859375,5267.2998046875,1011.5169677734375,28580673,213.32078552246094,97.265083312988281,27.65345573425293,29.504999160766602,24.447335998105313
2025-06-17,22211.58984375,22172.58984375,22331.689453125,22118.4609375,5223.64990234375,1031.25390625,26517379,211.56025695800781,97.900802612304688,27.528762817382812,29.004999160766602,19.00667795445905
2025-06-18,22356.73046875,22135.830078125,22370.25,22104.6796875,5251.02001953125,1041.1224365234375,37931721,211.16462707519531,99.172248840332031,27.682233810424805,29.647100448608398,20.262875728551542
2025-06-19,22003.5,22238.099609375,22249.400390625,21973.0390625,5251.02001953125,1021.3853149414062,24002557,211.16462707519531,97.607398986816406,27.586313247680664,29.54170036315918,22.151005092755515
2025-06-20,22045.740234375,21960.509765625,22089.48046875,21779.55078125,5211.47998046875,1041.1224365234375,57831332,207.21827697753906,97.411788940429688,27.519170761108398,29.571300506591797,17.713608390246893
2025-06-23,21732.01953125,21750.69921875,21801.3203125,21551.580078125,5244.2998046875,1006.5827026367188,32143872,208.01943969726562,96.140357971191406,27.241004943847656,29.533000946044922,22.065246964456954
2025-06-24,22188.759765625,22001.48046875,22201.05078125,22001.48046875,5441.8701171875,1036.1881103515625,28163537,217.68254089355469,98.536521911621094,27.567129135131836,29.673900604248047,24.677942493740801
2025-06-25,22430.609375,22341.869140625,22444.509765625,22284.51953125,5493.2998046875,1055.9249267578125,38783736,220.30355834960938,100.44367980957031,27.682233810424805,29.458099365234375,22.920180174248106
2025-06-26,22492.33984375,22425.390625,22587.669921875,22391.26953125,5541.4599609375,1060.859375,36056692,221.55966186523438,100.73709106445312,27.730192184448242,29.341899871826172,22.560662935846132
2025-06-27,22580.080078125,22503.849609375,22580.080078125,22388.58984375,5544.990234375,1065.79345703125,32549027,226.06979370117188,100.19917297363281,27.864477157592773,28.819000244140625,22.258311812395839
2025-06-30,22256.01953125,22508.330078125,22558.94921875,22256.01953125,5546.5400390625,1046.0565185546875,32413717,224.01255798339844,100.63928985595703,27.816518783569336,29.094999313354492,24.613634255920381
2025-07-01,22553.720703125,22419.740234375,22730.759765625,22401.580078125,5507.5,1070.7276611328125,44299887,222.22233581542969,101.32390594482422,28.085092544555664,29.206600189208984,21.232674766367698
2025-07-02,22577.740234375,22463.55078125,22577.740234375,22396.259765625,5611.0498046875,1070.7276611328125,23822731,231.04478454589844,100.93269348144531,27.941213607788086,29.225900650024414,26.12902727665962
2025-07-03,22712.970703125,22707.41015625,22816.19921875,22700.859375,5647.1201171875,1075.661865234375,36973556,232.23164367675781,102.74205780029297,28.037132263183594,28.968099594116211,25.082232630192223
2025-07-04,22547.5,22756.55078125,22842.75,22500.970703125,5647.1201171875,1070.7276611328125,20363322,232.23164367675781,101.81292724609375,27.874069213867188,28.91710090637207,25.437422000447718
2025-07-07,22428.720703125,22550.140625,22550.5,22294.109375,5541.2001953125,1065.79345703125,18829372,226.66323852539062,100.78599548339844,28.104274749755859,28.900999069213867,22.928021417854126
2025-07-08,22362.26953125,22375.650390625,22375.650390625,22190.4609375,5641.22021484375,1065.79345703125,27461252,225.36756896972656,100.73709106445312,28.008358001708984,29.068300247192383,22.932865041969674
2025-07-09,22527.009765625,22253.169921875,22527.009765625,22211.099609375,5665.990234375,1075.661865234375,23618216,229.30401611328125,101.71512603759766,28.017948150634766,29.107099533081055,24.098009533697208
2025-07-10,22693.25,22566.509765625,22699.2890625,22513.349609375,5708.27978515625,1085.5303955078125,22350503,227.24676513671875,102.54644775390625,28.133050918579102,29.205600738525391,22.278995027121628
2025-07-11,22751.029296875,22602.810546875,22770.009765625,22601.94921875,5696.2900390625,1085.5303955078125,28249780,227.8797607421875,103.27996826171875,28.382440567016602,29.243000030517578,22.776623812928843
2025-07-14,22614.970703125,22679.1796875,22735.23046875,22525.66015625,5646.72021484375,1080.59619140625,25760632,226.168701171875,101.37281036376953,28.564687728881836,29.21299934387207,22.285571085350185
2025-07-15,22835.939453125,22618.4296875,22888.23046875,22588.259765625,5718.60986328125,1095.3988037109375,45416390,234.35812377929688,103.42667388916016,28.420808792114258,29.346099853515625,25.57064839966192
2025-07-16,23042.900390625,22967.509765625,23106.4296875,22923.119140625,5696.2099609375,1115.1358642578125,31013743,234.96144104003906,104.45361328125,28.593461990356445,29.388099670410156,23.842671898703415
2025-07-17,23113.279296875,23042.970703125,23159.5390625,22923.369140625,5737.64013671875,1115.1358642578125,30648595,242.91351318359375,104.84481811523438,28.622238159179688,29.400999069213867,28.090221181499864
2025-07-18,23383.130859375,23345.720703125,23468.2109375,23276.01953125,5732.6201171875,1139.8070068359375,46645034,237.7703857421875,104.6981201171875,28.603054046630859,29.403200149536133,22.673578942408778
2025-07-21,23340.560546875,23314.2890625,23403.830078125,23243.7890625,5739.419921875,1134.872802734375,26749324,236.23736572265625,106.40966796875,28.4495849609375,29.378000259399414,22.307652007489832
2025-07-22,22987.919921875,23301.66015625,23486.080078125,22985.900390625,5638.7099609375,1115.1358642578125,50457506,232.03384399414062,105.13822937011719,28.392032623291016,29.333599090576172,22.072798002949391
2025-07-23,23318.669921875,23063.5703125,23318.669921875,23063.5703125,5637.7900390625,1129.9384765625,29747757,237.70115661621094,106.11625671386719,28.468769073486328,29.39900016784668,23.691271484386878
2025-07-24,23373.73046875,23373.669921875,23455.08984375,23295.310546875,5644.3701171875,1129.9384765625,15055463,238.957275390625,106.26296234130859,28.305706024169922,29.234199523925781,23.647876612099971
2025-07-25,23364.380859375,23454.58984375,23485.560546875,23308.44921875,5645.85986328125,1129.9384765625,22476546,242.91351318359375,106.75197601318359,28.267337799072266,29.391000747680664,26.369203203354008
2025-07-28,23412.98046875,23477.099609375,23564.439453125,23350.73046875,5737.10009765625,1129.9384765625,20606376,240.09468078613281,106.6541748046875,28.228971481323242,29.472000122070312,25.247004296449262
2025-07-29,23201.51953125,23414.359375,23422.169921875,23094.669921875,5739.7900390625,1120.070068359375,31763255,238.69023132324219,105.62724304199219,27.816518783569336,29.656999588012695,26.399879650114897
2025-07-30,23461.720703125,23288.720703125,23461.720703125,23264.640625,5787.31982421875,1139.8070068359375,34182363,240.2529296875,106.6541748046875,28.085092544555664,29.68950080871582,25.161356395839206
2025-07-31,23542.51953125,23523.58984375,23631.109375,23454.439453125,5607.919921875,1144.7412109375,33230751,238.97703552246094,108.07231903076172,27.941213607788086,29.827999114990234,24.538310247941908
2025-08-01,23434.380859375,23318.369140625,23484.2109375,23168.26953125,5527.60986328125,1144.7412109375,33230751,232.63717651367188,107.43659973144531,28.056316375732422,29.906000137329102,21.551445275006763
2025-08-04,23378.939453125,23260.1796875,23378.939453125,23151.650390625,5624.41015625,1120.070068359375,23939021,236.38569641113281,106.31185913085938,28.315298080444336,29.815000534057617,25.84640664605644
2025-08-05,23660.58984375,23498.400390625,23671.83984375,23498.400390625,5561.68994140625,1134.872802734375,17012960,229.92713928222656,108.95254516601562,28.545503616333008,29.884099960327148,21.091378652244728
2025-08-06,23447.359375,23443.359375,23557.490234375,23433.529296875,5550.2998046875,1110.2015380859375,22023406,228.83915710449219,106.99648284912109,28.651016235351562,29.937400817871094,23.416322785361722
2025-08-07,24003.76953125,23717.349609375,24050.5390625,23717.349609375,5633.7001953125,1164.4781494140625,61370031,239.96609497070312,110.90860748291016,28.660606384277344,29.914699554443359,23.2915128190883
2025-08-08,24021.259765625,24026.650390625,24131.4609375,23967.990234375,5678.02001953125,1159.5439453125,25958258,239.18473815917969,111.34871673583984,28.593461990356445,29.808099746704102,22.973218251192272
2025-08-11,24135.5,23980.390625,24249.05078125,23887.25,5670.3701171875,1164.4781494140625,35579367,239.44190979003906,112.08223724365234,28.603054046630859,29.85099983215332,22.760232341833419
2025-08-12,24158.359375,24182.83984375,24263.919921875,24065.4296875,5840.08984375,1164.4781494140625,28917167,241.61782836914062,111.54432678222656,28.881219863891602,29.947999954223633,24.278342476062843
2025-08-13,24370.01953125,24232.0390625,24406.939453125,24172.189453125,5892.60986328125,1184.2149658203125,37809952,238.79902648925781,112.71796417236328,28.957956314086914,29.87809944152832,20.499423937677406
2025-08-14,24238.099609375,24258.5,24389.509765625,24198.880859375,5885.490234375,1159.5439453125,32991791,238.36383056640625,112.18003845214844,29.322446823120117,29.939699172973633,23.092210687237813
2025-08-15,24334.48046875,24266.23046875,24385.560546875,24164.4296875,5752.740234375,1164.4781494140625,22231552,236.26701354980469,112.42454528808594,29.255304336547852,30.079000473022461,22.057689376139656
2025-08-18,24482.51953125,24272.55078125,24515.650390625,24257.30078125,5776.31005859375,1164.4781494140625,18219895,238.76933288574219,112.47344970703125,29.255304336547852,29.98900032043457,22.981330375729936
2025-08-19,24353.5,24493.919921875,24551.419921875,24324.2890625,5671.509765625,1169.412353515625,17867547,230.15460205078125,112.66905975341797,29.178569793701172,30.025100708007812,18.186114319919145
2025-08-20,23625.439453125,24309.26953125,24309.26953125,23620.240234375,5630.81982421875,1120.070068359375,66982023,226.09945678710938,108.61023712158203,28.929180145263672,30.1072998046875,21.550326599431635
2025-08-21,23962.130859375,23739.830078125,24011.5,23739.830078125,5603.259765625,1134.872802734375,23424804,224.84336853027344,109.97947692871094,29.063465118408203,30.280099868774414,19.983131810444064
2025-08-22,23764.470703125,24033.01953125,24071.650390625,23764.470703125,5754.4599609375,1120.070068359375,19205763,230.44143676757812,109.49045562744141,28.977138519287109,30.516000747680664,25.566270456568475
2025-08-25,24277.380859375,24108.810546875,24362.01953125,24108.75,5756.2998046875,1154.609619140625,25103514,233.01300048828125,111.20201110839844,29.015506744384766,30.367300033569336,22.569145107530254
2025-08-26,24305.099609375,24237.359375,24382.419921875,24113.029296875,5807.919921875,1159.5439453125,35508897,236.10874938964844,112.57125091552734,28.670198440551758,30.444000244140625,23.981412746284224
2025-08-27,24519.900390625,24449.810546875,24539.880859375,24410.080078125,5824.60986328125,1174.3465576171875,21952558,236.67251586914062,113.40258026123047,28.535911560058594,30.546600341796875,23.124484969945257
2025-08-28,24236.44921875,24468.119140625,24502.369140625,24236.44921875,5853.0498046875,1144.7412109375,19975237,235.6636962890625,113.10917663574219,28.603054046630859,30.575000762939453,25.887276966891971
2025-08-29,24233.099609375,24438.029296875,24570.150390625,24233.099609375,5668.93994140625,1144.7412109375,19522740,228.34461975097656,113.20697784423828,28.401626586914062,30.492799758911133,21.649621758421823
2025-09-01,24071.73046875,24143.369140625,24312.830078125,23885.41015625,5668.93994140625,1149.6754150390625,22018940,228.34461975097656,110.46849060058594,28.57427978515625,30.56049919128418,21.396447657301778
2025-09-02,24016.779296875,24113.900390625,24295.029296875,23890.330078125,5605.4599609375,1144.7412109375,14037411,225.89173889160156,111.05531311035156,28.804485321044922,30.625299453735352,20.865783140884918
2025-09-03,24100.30078125,24036.880859375,24103.23046875,23925.490234375,5592.81982421875,1144.7412109375,19511981,228.85894775390625,110.90860748291016,28.785301208496094,30.743999481201172,22.928034804514262
2025-09-04,24179.849609375,24235.26953125,24389.349609375,24168.16015625,5667.85986328125,1144.7412109375,24333323,232.63717651367188,111.88663482666016,28.967548370361328,30.722000122070312,24.868036495304136
2025-09-05,24494.580078125,24244.259765625,24494.580078125,24244.259765625,5761.39990234375,1164.4781494140625,27133819,240.74748229980469,113.01137542724609,29.015506744384766,30.694000244140625,26.915275897700042
2025-09-08,24547.380859375,24610.849609375,24729.9609375,24547.380859375,5809.60986328125,1164.4781494140625,27281959,244.48612976074219,114.28280639648438,28.986730575561523,30.479000091552734,27.983385091606028
2025-09-09,24855.1796875,24650.4609375,24880.0703125,24650.4609375,5819.830078125,1184.2149658203125,31329096,248.17532348632812,115.84765625,29.044282913208008,30.331100463867188,27.129463595357663
2025-09-10,25192.58984375,25032.880859375,25272.23046875,25032.880859375,5958.08984375,1208.88623046875,39665156,257.5911865234375,118.0482177734375,29.19775390625,30.351600646972656,29.347239243640711
2025-09-11,25215.7109375,25509.30078125,25541.439453125,25174.130859375,5995.39013671875,1223.6888427734375,30345708,256.07791137695312,118.83065032958984,29.264896392822266,30.236799240112305,26.551393221549404
2025-09-12,25474.640625,25349.69921875,25492.279296875,25349.69921875,6001.740234375,1243.4256591796875,26492972,256.49331665039062,119.22186279296875,29.389591217041016,30.290000915527344,24.964170375773964
2025-09-15,25357.16015625,25494.099609375,25519.939453125,25284.169921875,6059.830078125,1238.4915771484375,24589707,258.52093505859375,118.92845153808594,29.4471435546875,30.284900665283203,26.432524574323768
2025-09-16,25629.640625,25335.4609375,25664.810546875,25335.4609375,6079.22021484375,1268.21533203125,40130070,260.01113891601562,121.52023315429688,29.437551498413086,30.194099426269531,23.808662174008543
2025-09-17,25438.25,25543.91015625,25632.0703125,25422.9609375,6060.22021484375,1253.3533935546875,29283972,260.73544311523438,120.39549255371094,29.255304336547852,30.047199249267578,25.014538611654281
2025-09-18,25769.359375,25543.169921875,25769.359375,25475.25,6278.16015625,1273.1693115234375,24191307,266.53973388671875,122.05815124511719,29.303262710571289,30.086399078369141,25.972574603806041
2025-09-19,25578.369140625,25794.66015625,25864.009765625,25578.369140625,6232.25,1253.3533935546875,44913316,262.7991943359375,121.66693878173828,29.39918327331543,30.110500335693359,26.269498610120799
2025-09-22,25880.599609375,25599.599609375,25887.689453125,25599.599609375,6330.1201171875,1283.0772705078125,28859955,270.49853515625,122.79167175292969,29.485509872436523,30.215999603271484,27.402827855128798
2025-09-23,26247.369140625,26121,26307.30078125,26041.689453125,6308.2099609375,1327.6629638671875,33953781,280.49969482421875,125.33454132080078,29.485509872436523,30.21769905090332,27.683841347499794
2025-09-24,26196.73046875,26389.16015625,26394.029296875,26045.470703125,6297,1327.6629638671875,44737182,278.51535034179688,124.3076171875,29.543060302734375,30.27400016784668,27.016780500309356
2025-09-25,26023.849609375,26067.970703125,26247.849609375,26023.849609375,6284.669921875,1307.8470458984375,25861812,274.49700927734375,124.5521240234375,29.389591217041016,30.364099502563477,27.459163194846713
2025-09-26,25580.3203125,25998.279296875,25998.279296875,25469.0390625,6305.0498046875,1288.0311279296875,25793295,271.2227783203125,120.98230743408203,29.389591217041016,30.561500549316406,28.70768273972708
2025-09-30,25820.5390625,25738.310546875,25975.83984375,25738.310546875,6369.81982421875,1292.985107421875,36642789,277.10647583007812,123.32958221435547,29.591020584106445,30.458200454711914,30.55316012046605
2025-10-01,25982.91015625,26078.2890625,26325.7890625,25982.91015625,6500.27978515625,1312.801025390625,33837323,286.21469116210938,124.20981597900391,29.581428527832031,30.442100524902344,32.738720210372449
2025-10-02,26378.390625,26392.310546875,26489.7890625,26330.25,6626.3798828125,1352.4327392578125,29593487,285.85748291015625,126.75270080566406,29.591020584106445,30.447000503540039,28.708847005323456
2025-10-03,26761.060546875,26435.099609375,26761.060546875,26410.029296875,6583.740234375,1387.1104736328125,31032341,289.90560913085938,128.31753540039062,29.39918327331543,30.463800430297852,27.338475025087149
2025-10-07,27211.94921875,27029.279296875,27301.419921875,27017.080078125,6634.759765625,1421.7882080078125,38395572,291.731201171875,131.88735961914062,29.456733703613281,30.510499954223633,25.206620084039798
2025-10-08,27063.6796875,26999.8203125,27110.4296875,26883.990234375,6860.2001953125,1401.972412109375,23064494,302.13916015625,130.90933227539062,29.552652359008789,30.536699295043945,31.619318600810466
2025-10-09,27301.919921875,27301.609375,27463.119140625,27253.0703125,6840.2001953125,1426.7423095703125,39052134,297.53546142578125,131.20272827148438,29.658164978027344,30.524999618530273,27.314789581819852
2025-10-13,26923.419921875,26762.599609375,26965.720703125,26470.439453125,6723.47021484375,1401.972412109375,53850992,300.52197265625,129.78457641601562,29.475917816162109,30.665000915527344,31.464877440413442
2025-10-14,26793.150390625,27282.099609375,27507.16015625,26764.060546875,6570.330078125,1411.8802490234375,39889256,293.62625122070312,128.61094665527344,29.677349090576172,30.690999984741211,27.655065335284302
2025-10-15,27275.7109375,26911.05078125,27275.7109375,26773.150390625,6767.06005859375,1451.5120849609375,41056405,302.32772827148438,131.59394836425781,29.869186401367188,30.683900833129883,27.819728536911391
2025-10-16,27647.869140625,27337.3203125,27732.779296875,27337.3203125,6800.02001953125,1471.3280029296875,37737678,297.49575805664062,135.01704406738281,29.830818176269531,30.609800338745117,23.783218121385396
2025-10-17,27302.369140625,27399.91015625,27513.08984375,27302.369140625,6777.97998046875,1436.6502685546875,38077331,292.77297973632812,132.96318054199219,29.821226119995117,30.611900329589844,24.767140215716932
2025-10-20,27688.630859375,27480.439453125,27768.26953125,27412.44921875,6885.02978515625,1466.3740234375,33015553,295.37252807617188,134.38131713867188,29.725307464599609,30.62190055847168,23.363726278371711
2025-10-21,27752.41015625,27742.55078125,27969.05078125,27742.55078125,6839.27001953125,1466.3740234375,34601251,292.20745849609375,135.65275573730469,29.840410232543945,30.597299575805664,21.943774275688476
2025-10-22,27648.91015625,27614.109375,27725.830078125,27490.890625,6677.56982421875,1446.5582275390625,27360948,286.6214599609375,133.79450988769531,29.811634063720703,30.677299499511719,21.568177523936537
2025-10-23,27532.259765625,27457.0703125,27586.849609375,27371.669921875,6847.39013671875,1436.6502685546875,23570046,288.45703125,133.30549621582031,29.754083633422852,30.745100021362305,23.462758776617164
2025-10-27,27993.630859375,28029.880859375,28196.330078125,27993.630859375,7167.97998046875,1466.3740234375,32851952,295.91824340820312,137.07090759277344,29.763675689697266,30.83329963684082,24.444864968676438
2025-10-28,27949.109375,28041.009765625,28087.9296875,27885.619140625,7194.7099609375,1461.420166015625,28381919,299.17254638671875,136.67970275878906,29.475917816162109,30.601100921630859,25.289215214830808
2025-10-29,28294.740234375,28157.91015625,28395.310546875,28139.650390625,7327.93017578125,1491.1439208984375,30631103,302.70474243164062,139.17367553710938,29.389591217041016,30.543100357055664,24.00602245121588
2025-10-30,28287.529296875,28350.240234375,28527.6796875,28116.599609375,7216,1491.1439208984375,27867757,300.84933471679688,138.24455261230469,29.293672561645508,30.665199279785156,23.738623388180958
2025-10-31,28233.349609375,28280.470703125,28489.759765625,28233.349609375,7228.66015625,1486.1898193359375,31928423,298.08114624023438,139.41818237304688,29.255304336547852,30.73069953918457,23.271496335473184
2025-11-03,28334.58984375,28253.529296875,28494.990234375,28150.44921875,7270.97021484375,1496.097900390625,29118770,302.47650146484375,138.58685302734375,29.351222991943359,30.78179931640625,24.467402348315282
2025-11-04,28116.560546875,28364.759765625,28554.609375,28033.619140625,6979.56982421875,1491.1439208984375,33925673,291.75106811523438,137.70663452148438,29.475917816162109,30.903099060058594,20.927457537575613
2025-11-05,27717.060546875,27785.91015625,27799.08984375,27373.05078125,7190.27001953125,1446.5582275390625,56305422,291.34426879882812,135.16374206542969,29.437551498413086,30.919000625610352,24.544915756123011
2025-11-06,27899.44921875,27906.439453125,28061.529296875,27879.69921875,7018.39013671875,1451.5120849609375,27411394,286.9786376953125,136.92420959472656,29.591020584106445,30.892900466918945,22.156785083768284
2025-11-07,27651.41015625,27818.5390625,27818.5390625,27621.48046875,6947.35986328125,1446.5582275390625,20329390,284.26007080078125,135.06594848632812,29.360815048217773,30.978799819946289,21.751557075200623
2025-11-10,27869.509765625,27805.470703125,27976.890625,27680.509765625,7156.9501953125,1461.420166015625,25281744,292.96148681640625,135.79946899414062,29.351222991943359,30.966800689697266,24.154301178625314
2025-11-11,27784.94921875,28031.5390625,28187.69921875,27784.94921875,6979.7001953125,1451.5120849609375,22444166,288.8935546875,135.55496215820312,29.533470153808594,30.966800689697266,23.266064695379018
2025-11-12,27947.08984375,27853.470703125,28071.759765625,27799.919921875,7082.1298828125,1461.420166015625,23642502,288.34786987304688,136.67970275878906,29.686941146850586,30.964300155639648,22.189226611409516
2025-11-13,27903.560546875,27867.58984375,28038.240234375,27811.810546875,6818.740234375,1446.5582275390625,21255597,279.99371337890625,136.09286499023438,29.677349090576172,31.06410026550293,20.254444246046923
2025-11-14,27397.5,27816.44921875,27816.44921875,27383.33984375,6811.2001953125,1416.834228515625,26861702,282.59320068359375,132.91427612304688,29.543060302734375,31.124900817871094,24.159695835363525
2025-11-17,27447.310546875,27600.740234375,27723.76953125,27447.310546875,6705.740234375,1431.6962890625,26602730,279.80520629882812,133.30549621582031,29.437551498413086,30.554500579833984,19.429077289797945
2025-11-18,26756.119140625,27310.400390625,27310.400390625,26756.119140625,6551.02978515625,1392.0645751953125,42198432,275.73724365234375,129.78457641601562,29.140201568603516,31.174999237060547,23.501574764014443
2025-11-19,26580.119140625,26708.279296875,26902.970703125,26580.119140625,6670.02978515625,1382.156494140625,35591948,280.16238403320312,128.70875549316406,28.986730575561523,31.103200912475586,26.092044651150403
2025-11-20,27426.359375,27212.91015625,27493.630859375,27183.029296875,6352.06982421875,1441.604248046875,25964403,275.3304443359375,133.55000305175781,29.379999160766602,31.183000564575195,19.112154570913976
2025-11-21,26434.939453125,26821.970703125,26821.970703125,26395.98046875,6406.43017578125,1372.2486572265625,54518246,272.90948486328125,127.69999694824219,29.149999618530273,31.352100372314453,24.704593689065725
2025-11-24,26504.240234375,26596.029296875,26764.130859375,26482.330078125,6703.2001953125,1362.3406982421875,79134658,282.41464233398438,127.84999847412109,29.680000305175781,31.338600158691406,29.930487527594973
2025-11-25,26912.169921875,26995.900390625,27118.01953125,26793.7109375,6714.18017578125,1401.972412109375,27427405,282.45431518554688,129.80000305175781,29.520000457763672,31.42609977722168,26.627848235223617
2025-11-26,27409.5390625,27063.169921875,27409.5390625,27063.169921875,6899.4599609375,1426.7423095703125,29213211,287.69302368164062,131.30000305175781,29.569999694824219,31.388099670410156,26.583998262735808
2025-11-27,27554.529296875,27517.240234375,27659.060546875,27436.58984375,6899.4599609375,1421.7882080078125,22039774,287.69302368164062,133.10000610351562,29.770000457763672,31.248899459838867,26.461737714387223
2025-11-28,27626.48046875,27566.119140625,27796.900390625,27566.119140625,7025.14990234375,1426.7423095703125,23152513,289.23089599609375,134.80000305175781,29.510000228881836,31.314699172973633,26.963060377385496
2025-12-01,27342.529296875,27674.16015625,27697.060546875,27342.529296875,7020.52978515625,1397.0184326171875,30559208,285.43084716796875,133.30000305175781,29.469999313354492,31.376899719238281,28.214987852213945
2025-12-02,27564.26953125,27550.349609375,27741.890625,27477.099609375,7149.47021484375,1416.834228515625,23544477,289.80636596679688,132.5,29.780000686645508,31.395999908447266,28.437899878992766
2025-12-03,27793.0390625,27605.630859375,27847.669921875,27605.630859375,7280.509765625,1436.6502685546875,20301540,293.14013671875,134.10000610351562,29.760000228881836,31.402000427246094,28.147913239119138
2025-12-04,27795.7109375,27773.419921875,27880.23046875,27636.630859375,7215.97021484375,1431.6962890625,20696944,290.63980102539062,133.5,30.049999237060547,31.314699172973633,27.140064639864537
2025-12-05,27980.890625,27796.4296875,27980.890625,27738.5,7294.83984375,1446.5582275390625,21072604,292.41580200195312,135.05000305175781,30.100000381469727,31.364999771118164,26.806116591181972
2025-12-08,28303.779296875,28034,28303.779296875,28026.390625,7375.22021484375,1481.2359619140625,24257260,299.5098876953125,137.19999694824219,30.270000457763672,31.27400016784668,26.473735703135539
2025-12-09,28182.599609375,28364.0390625,28390.240234375,28157.26953125,7372.509765625,1466.3740234375,24235825,301.03787231445312,137.25,30.409999847412109,31.164699554443359,27.958552118864421
2025-12-10,28400.73046875,28190.759765625,28417.08984375,28190.759765625,7467.490234375,1491.1439208984375,23319221,307.71530151367188,138.55000305175781,30.329999923706055,31.150999069213867,28.567590783051443
2025-12-11,28024.75,28385.23046875,28568.01953125,27984.189453125,7411.47998046875,1461.3209228515625,28924982,303.28317260742188,136.80000305175781,30.450000762939453,31.076999664306641,28.994677430866922
2025-12-12,28198.01953125,28097.5390625,28272.060546875,28071.33984375,7033.56982421875,1471.261962890625,22107664,290.53900146484375,137.64999389648438,31,31.180099487304688,23.146457926737661
2025-12-15,27866.939453125,28119.7890625,28119.7890625,27684.869140625,6990.41015625,1441.4390869140625,25889058,286.26107788085938,134.55000305175781,31.069999694824219,31.320100784301758,24.399648812713238
2025-12-16,27536.66015625,27721.099609375,27740.66015625,27355.669921875,6958.43994140625,1426.5274658203125,32168064,285.39556884765625,133.44999694824219,31.079999923706055,31.328699111938477,25.354360410680997
2025-12-17,27525.169921875,27596.1796875,27780.689453125,27469.599609375,6695.31005859375,1421.5570068359375,30535812,275.5364990234375,132.80000305175781,31.780000686645508,31.468999862670898,21.9910001249789
2025-12-18,27468.529296875,27447.44921875,27569.439453125,27350.76953125,6863.6298828125,1421.5570068359375,30534136,283.21682739257812,132.19999694824219,31.870000839233398,31.632099151611328,26.04127337006268
2025-12-19,27696.349609375,27685.740234375,27869.779296875,27672.05078125,7067.8701171875,1421.5570068359375,38763280,287.46487426757812,133.75,32.240001678466797,31.51409912109375,27.45456563384565
2025-12-22,28149.640625,27986.66015625,28168.75,27986.66015625,7145.56982421875,1456.3504638671875,22661665,291.77264404296875,135.75,32.439998626708984,31.503900527954102,26.23302677158501
2025-12-23,28310.470703125,28253.140625,28350.369140625,28212.83984375,7184.5400390625,1481.202880859375,20739075,295.42376708984375,137.10000610351562,32.279998779296875,31.532199859619141,25.781030911226367
2025-12-24,28371.98046875,28383.609375,28486.380859375,28280.58984375,7204.3701171875,1486.17333984375,12987261,297.26425170898438,136.89999389648438,32.110000610351562,31.489500045776367,25.970536771731979
2025-12-26,28556.01953125,28443.48046875,28590.91015625,28404.33984375,7207.64013671875,1501.0848388671875,18823612,301.28347778320312,138.14999389648438,32.009998321533203,31.570199966430664,26.7294078777776
2025-12-29,28810.890625,28662.7890625,28841.640625,28595.349609375,7178.27001953125,1520.9666748046875,21124648,299.37338256835938,140.30000305175781,32.130001068115234,31.379999160766602,23.531128582515915
2025-12-30,28707.130859375,28723.8203125,28833.029296875,28553.640625,7169.10009765625,1511.0257568359375,20325400,298.04025268554688,139.89999389648438,32.029998779296875,31.317800521850586,23.544752812593561
2025-12-31,28963.599609375,28723.490234375,29009.810546875,28687.900390625,7083.1298828125,1540.8486328125,29695967,302.328125,140.89999389648438,31.950000762939453,31.243600845336914,22.605414453692795
2026-01-02,29349.810546875,29016.6796875,29363.4296875,29007.75,7367.47021484375,1575.6419677734375,37512761,317.96728515625,143.64999389648438,31.950000762939453,31.303499221801758,26.34201001275067
2026-01-05,30105.0390625,29779.69921875,30339.3203125,29779.69921875,7446.4501953125,1660.14013671875,66871820,320.59371948242188,149.14999389648438,32.040000915527344,31.358699798583984,21.115103287980986
2026-01-06,30576.30078125,29933.650390625,30576.30078125,29933.650390625,7650.93017578125,1694.9334716796875,46751692,325.74710083007812,151,32.110000610351562,31.474599838256836,20.981263493940851
2026-01-07,30435.470703125,30412.3203125,30570.259765625,30306.16015625,7574.8701171875,1665.110595703125,49857449,317.04205322265625,150.85000610351562,31.850000381469727,31.492099761962891,19.923805596941357
2026-01-08,30360.55078125,30330.580078125,30593.490234375,30268.359375,7436.10009765625,1675.051513671875,29215618,316.37554931640625,150,31.989999771118164,31.449100494384766,18.799050216755187
2026-01-09,30288.9609375,30370.44921875,30500.419921875,29925.490234375,7638.77978515625,1670.0810546875,37387656,321.96664428710938,150.5,31.940000534057617,31.5447998046875,21.627310354997409
2026-01-12,30567.2890625,30472.69921875,30681.990234375,30472.69921875,7674.83984375,1680.02197265625,29987449,330.06478881835938,150.80000305175781,31.909999847412109,31.593299865722656,24.139279342491005
2026-01-13,30707.220703125,30630.859375,30973.849609375,30529.330078125,7747.990234375,1699.9039306640625,30171800,329.50765991210938,152.39999389648438,31.909999847412109,31.569900512695312,22.389552185253425
2026-01-14,30941.779296875,30742.529296875,30994.810546875,30742.529296875,7701.47021484375,1699.9039306640625,29100816,325.42874145507812,152.69999694824219,31.809999465942383,31.616899490356445,21.054462246451912
2026-01-15,30810.580078125,30746.98046875,30877.310546875,30663.869140625,7837.2998046875,1680.02197265625,36391886,339.88409423828125,152,32.159999847412109,31.510700225830078,27.498163469099278
2026-01-16,31408.69921875,30844.630859375,31475.220703125,30844.630859375,7927.41015625,1729.726806640625,53551629,340.64013671875,156,32.270000457763672,31.564199447631836,24.320594142160257
2026-01-19,31639.2890625,31336.76953125,31827.390625,31285.529296875,7927.41015625,1749.6087646484375,29580038,340.64013671875,157.10000610351562,32.529998779296875,31.607999801635742,23.078411487026472
2026-01-20,31759.990234375,31584.33984375,31759.990234375,31340.099609375,7794.18994140625,1764.520263671875,29401234,325.47848510742188,157.19999694824219,32.389999389648438,31.548999786376953,16.388809678570524
2026-01-21,31246.369140625,31749.140625,31749.140625,31200.759765625,8042.06982421875,1729.726806640625,45192749,324.44384765625,155.89999389648438,32.099998474121094,31.682300567626953,18.852612554767624
2026-01-22,31746.080078125,31371.130859375,31890.619140625,31371.130859375,8055.169921875,1749.6087646484375,32069478,325.68740844726562,158.25,32.130001068115234,31.639999389648438,17.794899210604708
2026-01-23,31961.509765625,31788.76953125,32042.439453125,31693.150390625,7957.93017578125,1759.5498046875,27601167,333.14886474609375,159.94999694824219,32.049999237060547,31.583999633789062,19.600747806131324
2026-01-26,32064.51953125,32002.560546875,32196.75,31989.859375,7927.0400390625,1744.63818359375,22960198,330.99996948242188,159.69999694824219,32.380001068115234,31.370800018310547,19.035957671299819
2026-01-27,32317.919921875,32095.080078125,32428.169921875,32095.080078125,8117.18017578125,1769.49072265625,28985200,336.60101318359375,161.25,32.259998321533203,31.440500259399414,19.615255472224046
2026-01-28,32803.8203125,32381.759765625,32803.8203125,32381.759765625,8306.740234375,1809.2545166015625,29301156,340.54067993164062,164,32.139999389648438,31.110300064086914,17.112574703989214
2026-01-29,32536.26953125,32828.01953125,32996.03125,32472.44921875,8320.3896484375,1794.3431396484375,32224002,337.8048095703125,163.5,32.430000305175781,31.269599914550781,17.736914540707982
2026-01-30,32063.75,32555.51953125,32555.51953125,32004.9609375,7998.47021484375,1764.520263671875,40825139,328.86102294921875,161.55000305175781,32.029998779296875,31.361700057983398,16.900224665403861
2026-02-02,31624.029296875,32008.4609375,32008.4609375,31359.94921875,8134.490234375,1754.5792236328125,28251381,339.60549926757812,158.25,31.719999313354492,31.583000183105469,22.260202344629665
2026-02-03,32195.359375,31737.66015625,32293.830078125,31737.66015625,7966.330078125,1789.37255859375,26744162,334.02432250976562,161.05000305175781,32.049999237060547,31.57710075378418,17.89070571636082
2026-02-04,32289.810546875,32196.5703125,32380,31942.279296875,7619.16015625,1774.461181640625,26952301,324.0657958984375,161.39999389648438,32.290000915527344,31.573200225830078,15.322830007295796
2026-02-05,31801.26953125,32241.640625,32241.640625,31769.080078125,7614.64013671875,1754.5792236328125,26299986,329.0301513671875,158.80000305175781,32.400001525878906,31.657100677490234,18.730924058185838
2026-02-06,31782.919921875,31746.439453125,31842.619140625,31164.279296875,8048.6201171875,1769.49072265625,33263592,347.05703735351562,158.69999694824219,32.330001831054688,31.648799896240234,24.148022785844049
2026-02-09,32404.619140625,31956.2109375,32666.05078125,31956.2109375,8162.580078125,1804.2840576171875,36529289,353.58328247070312,162.69999694824219,32.880001068115234,31.575000762939453,23.754265484330084
2026-02-10,33072.96875,32439.7109375,33072.96875,32439.7109375,8107.1298828125,1868.9002685546875,41859169,360.04989624023438,166.10000610351562,32.930000305175781,31.561199188232422,21.607414629229925
2026-02-11,33605.7109375,33086.1484375,33707.828125,33071.671875,8291.8603515625,1903.693603515625,40488310,372.16726684570312,169.05000305175781,33.349998474121094,31.478700637817383,23.08012128207406
2026-02-23,33773.26171875,33663.01953125,34212.37890625,33663.01953125,8213.4599609375,1888.7821044921875,69816209,368.13809204101562,170.5,34.200000762939453,31.51099967956543,22.834701501570208
2026-02-24,34700.8203125,34020.7109375,34786.421875,33987.51171875,8332.33984375,1953.3983154296875,40961679,383.76736450195312,175.35000610351562,34.189998626708984,31.434799194335938,23.514492105055297
2026-02-25,35413.0703125,34753.30859375,35521.5390625,34753.30859375,8467.4296875,2003.1031494140625,40832607,385.7371826171875,179.39999389648438,34,31.377099990844727,20.845640452481184
2026-02-26,35414.48828125,35457.76171875,35579.33984375,35171.51953125,8197.259765625,1983.22119140625,58561388,374.87332153320312,179.39999389648438,34.779998779296875,31.269100189208984,18.211236346981096
2026-03-02,35095.08984375,35277.48046875,35345.71875,34605.359375,8137.35986328125,1963.33935546875,48884884,367.21286010742188,178.30000305175781,34,31.375,17.364361426144125
2026-03-03,34323.6484375,35106.21875,35264.58984375,34323.6484375,7764.8798828125,1923.5755615234375,43090471,351.31503295898438,173.94999694824219,33.909999847412109,31.534999847412109,15.188815374437414
2026-03-04,32828.87890625,34228.75,34228.75,32828.87890625,7914.47998046875,1853.98876953125,68160943,355.60287475585938,164.94999694824219,32.580001831054688,31.733999252319336,21.734301168158598
2026-03-05,33672.94140625,33620.73828125,34319.6796875,33472.91015625,7821.759765625,1888.7821044921875,48120463,352.041259765625,170.35000610351562,32.900001525878906,31.629999160766602,17.907351244580717
2026-03-06,33599.5390625,33483.94140625,33829.48828125,33322.51953125,7514.740234375,1878.8411865234375,30082724,337.14822387695312,169.60000610351562,32.799999237060547,31.905899047851562,14.50693408616457
2026-03-09,32110.419921875,32354.609375,32354.609375,31529.359375,7810.39990234375,1799.3135986328125,76459172,346.90780639648438,160.10000610351562,31.969999313354492,31.802299499511719,22.629717978261432
2026-03-10,32771.87109375,32692.369140625,33256.69140625,32455.19921875,7865.1201171875,1839.077392578125,41375691,345.30606079101562,165.85000610351562,32.119998931884766,31.802000045776367,19.423178224037031
2026-03-11,34114.19140625,33128.48828125,34218.66015625,33128.48828125,7914.56982421875,1928.5460205078125,36167313,352.73764038085938,173.44999694824219,32.509998321533203,31.773899078369141,16.231088783168502
2026-03-12,33581.859375,33816.1484375,34019.48046875,33458.640625,7643.169921875,1873.8707275390625,34040589,334.97940063476562,170.75,32.419998168945312,31.811500549316406,13.734605388678167
2026-03-13,33400.3203125,33215.78125,33639.1796875,33013.4609375,7646.64013671875,1853.98876953125,31214304,336.5711669921875,169.60000610351562,32.349998474121094,31.89579963684082,15.806596915198391
2026-03-16,33342.51171875,33541.25,33765.80859375,33278.05859375,7796.240234375,1834.10693359375,31249086,338.4813232421875,169.05000305175781,32.619998931884766,32.163101196289062,18.712915295086741
2026-03-17,33836.5703125,33380.83984375,34008.69921875,33380.83984375,7836.830078125,1865.0244140625,23812211,345.17166137695312,171.39999389648438,32.669998168945312,31.944999694824219,18.245193298356675
2026-03-18,34348.578125,33929.28125,34423.66015625,33929.28125,7795.1298828125,1899.9312744140625,23068156,338.77664184570312,173.85000610351562,32.709999084472656,31.885000228881836,13.708253011639693
2026-03-19,33689.6796875,34279.12109375,34279.12109375,33663.78125,7863.2998046875,1845.07763671875,31040569,337.99847412109375,171.69999694824219,32.209999084472656,32.031200408935547,17.355461331597954
2026-03-20,33543.87890625,33719.8515625,33989.1796875,33379.23828125,7670.60986328125,1835.104248046875,46312322,328.47076416015625,171.69999694824219,32.360000610351562,31.802099227905273,13.847045435212046
2026-03-23,32722.5,33334,33334,32461.08984375,7773.1298828125,1805.18408203125,34902948,337.65927124023438,165.85000610351562,32,32.021701812744141,19.793040561235166
2026-03-24,32612.240234375,33062.890625,33361.4609375,32434.5390625,7872.7099609375,1805.18408203125,27001025,342.44802856445312,166.75,32.150001525878906,31.86199951171875,20.886052868715367
2026-03-25,33439.109375,32725.26953125,33705.75,32725.26953125,7967.75,1840.0909423828125,40964040,346.93753051757812,170.5,32.599998474121094,31.925800323486328,20.388162007737765
2026-03-26,33337.62109375,33575.6015625,33892.55859375,33337.62109375,7585.8701171875,1835.104248046875,20958470,325.34805297851562,170.94999694824219,32.459999084472656,31.93589973449707,13.239155865877672
2026-03-27,33112.58984375,33267.25,33267.25,32669.390625,7457.669921875,1815.157470703125,28974140,325.97659301757812,168,32.279998779296875,31.930000305175781,14.683523413531606
2026-03-30,32518.16015625,33009.6796875,33009.6796875,32326.369140625,7142.330078125,1775.263916015625,39889700,315.76052856445312,165.89999389648438,31.979999542236328,31.976999282836914,13.752936725210297
2026-03-31,31722.990234375,32419,32453.380859375,31705.990234375,7588.2001953125,1755.317138671875,49221091,337.16043090820312,160.19999694824219,31.809999465942383,32.03900146484375,23.080704925248984
2026-04-01,33174.8203125,31892.330078125,33182.21875,31892.330078125,7802.31005859375,1850.0643310546875,35537379,340.692138671875,168.14999389648438,32.580001831054688,31.937900543212891,17.628251711158448
2026-04-02,32572.4296875,33218.01953125,33497.578125,32516.939453125,7833.39013671875,1805.18408203125,25132417,338.24789428710938,165.94999694824219,32.520000457763672,32.001998901367188,19.928032261237849
2026-04-07,33229.8203125,32671.51953125,33264.21875,32671.51953125,8003.8701171875,1855.051025390625,17953562,344.51321411132812,168.44999694824219,32.849998474121094,31.913999557495117,18.538998789911254
2026-04-08,34761.37890625,33379.5,34761.37890625,33379.5,8510.919921875,1944.8115234375,46515921,365.04510498046875,177.89999389648438,33.189998626708984,31.893999099731445,19.731378689381796
2026-04-09,34861.16015625,34779.9609375,34884.44921875,34617.33984375,8689.5302734375,1949.7982177734375,31835073,364.63607788085938,179.10000610351562,33.200000762939453,31.720399856567383,18.642042926057243
2026-04-10,35417.828125,34950.87109375,35417.828125,34950.87109375,8889.830078125,1994.678466796875,28637625,369.734130859375,182.75,33.099998474121094,31.725799560546875,17.614052806958579
2026-04-13,35457.2890625,35422.91015625,35552.48828125,35261.73046875,9039.51953125,1984.705078125,28968757,368.70654296875,182.35000610351562,32.860000610351562,31.767000198364258,18.029635261393693
2026-04-14,36296.12109375,35584.08984375,36341.44140625,35584.08984375,9224.1201171875,2049.5322265625,39113405,379.00244140625,188.30000305175781,33.110000610351562,31.641199111938477,17.022719204169157
2026-04-15,36722.140625,36369.109375,37064.16015625,36369.109375,9239.2900390625,2074.465576171875,40343568,374.2236328125,190.5,33.299999237060547,31.517000198364258,13.710311176616585
2026-04-16,37132.01953125,36759.53125,37135.55078125,36751.08984375,9329.349609375,2079.452392578125,32038524,362.50106811523438,194.5,33.520000457763672,31.586999893188477,10.128236075079355
2026-04-17,36804.33984375,37145.66015625,37145.66015625,36776.28125,9555.8798828125,2024.5986328125,39260244,369.63436889648438,191.85000610351562,33.430000305175781,31.558000564575195,15.231942107134167
2026-04-20,36958.80078125,36850.23828125,37344.5,36850.23828125,9599.2099609375,2019.6119384765625,25407621,365.38430786132812,194.44999694824219,33.549999237060547,31.468000411987305,13.862602327327277
2026-04-21,37605.109375,37051.25,37781.828125,37051.25,9647.2099609375,2044.54541015625,25783476,367.22000122070312,197.85000610351562,33.349998474121094,31.419000625610352,12.863088203144013
2026-04-22,37878.46875,37627.19921875,38096.87890625,37623.37890625,9909.26953125,2044.54541015625,24762881,386.5347900390625,197.94999694824219,33.400001525878906,31.482000350952148,19.03759471632376
2026-04-23,37714.1484375,37971.69140625,38921.94921875,37164.44140625,10078.5703125,2074.465576171875,48682193,381.76596069335938,197.85000610351562,33.139999389648438,31.466800689697266,15.817331781584931
2026-04-24,38932.3984375,37862.6484375,38989.94140625,37862.6484375,10513.66015625,2179.186279296875,45088050,401.51968383789062,206.60000610351562,33.150001525878906,31.530000686645508,16.189387088057128
2026-04-27,39616.62890625,39858.19140625,40194.921875,39607.73828125,10408.0400390625,2258.973388671875,68696037,404.0338134765625,213.05000305175781,33.049999237060547,31.440000534057617,12.465453335409759
2026-04-28,39521.73046875,39531.9296875,40101.23046875,39521.73046875,10035.580078125,2209.1064453125,47175356,391.42333984375,211.5,33.279998779296875,31.455699920654297,11.470365279963346
2026-04-29,39303.5,39176.23828125,39548.1796875,38896.30078125,10271.2998046875,2174.199462890625,42895935,392.90985107421875,207.44999694824219,33.5,31.51300048828125,13.897262326526882
2026-04-30,38926.62890625,39571.4609375,39848.21875,38926.62890625,10503.7001953125,2129.3193359375,48975164,395.1346435546875,209.25,33.25,31.626499176025391,17.377654613739125
2026-05-04,40705.140625,39228.390625,40755.51953125,39228.390625,10534.66015625,2268.94677734375,38390062,400.67166137695312,218.10000610351562,33.139999389648438,31.554000854492188,11.44196128090822
2026-05-05,40769.2890625,40708.3984375,40885.05078125,40522.78125,10980.580078125,2244.013427734375,21625279,393.488525390625,216.30000305175781,33.330001831054688,31.597999572753906,10.81440158519662
2026-05-06,41138.8515625,40983.0390625,41575.83984375,40616.28125,11472.75,2244.013427734375,31918664,418.5198974609375,219.69999694824219,33.860000610351562,31.545000076293945,17.666053457310781
2026-05-07,41933.78125,41259.9609375,42156.05859375,41259.9609375,11160.990234375,2303.853759765625,35034517,413.182373046875,225.5,34.220001220703125,31.398500442504883,12.622659905872835
2026-05-08,41603.94140625,41886.03125,42038.6015625,41132.25,11775.5,2283.906982421875,27102571,410.7181396484375,222.05000305175781,34.389999389648438,31.392099380493164,12.905689736478188
2026-05-11,41790.05859375,41714,42021.78125,41529.25,12081.0400390625,2229.05322265625,37244077,403.5948486328125,224.25,34,31.301000595092773,13.347877644464901
2026-05-12,41898.3203125,41880.66015625,42253.421875,41471.5703125,11717.259765625,2249,44459541,396.351806640625,224.89999389648438,33.450000762939453,31.351800918579102,10.505495202454718
2026-05-13,41374.5,41795.921875,41795.921875,41014.53125,12017.98046875,2214.093017578125,35350292,398.86590576171875,221.39999389648438,33.75,31.501100540161133,13.497625435684647
2026-05-14,41751.75,41496.23046875,42205.62109375,41496.23046875,12073.7802734375,2263.960205078125,31747100,416.74404907226562,223.80000305175781,33.659999847412109,31.559000015258789,16.186012647486336
2026-05-15,41172.359375,41830.421875,42408.66015625,41016.73046875,11588.4599609375,2258.973388671875,29922154,403.40530395507812,221.30000305175781,33.659999847412109,31.564399719238281,12.734805347885892
2026-05-18,40891.8203125,41095.8203125,41095.8203125,40170.171875,11302.51953125,2234.0400390625,25875079,395.02493286132812,218.19999694824219,33.490001678466797,31.586999893188477,11.704824389214807
2026-05-19,40175.55859375,40883.421875,40951.55859375,40168.51171875,11305.5,2199.133056640625,34824449,391.69268798828125,212.25,33.909999847412109,31.554100036621094,12.40347848052008
2026-05-20,40020.8203125,40204.16015625,40439.0390625,39967.078125,11813.2900390625,2179.186279296875,29320253,400.68167114257812,212.25,33.970001220703125,31.72920036315918,16.679415122146679
2026-05-21,41368.2109375,40263.1796875,41606.91015625,40263.1796875,11964.080078125,2224.06640625,22964974,406.19873046875,222.25,33.990001678466797,31.59119987487793,15.394983235203918
2026-05-22,42267.96875,41447.921875,42357.6015625,41447.921875,12202.5400390625,2249,24437825,403.57489013671875,225.85000610351562,33.900001525878906,31.550800323486328,13.233532897079092
2026-05-25,43644.3984375,42667.87109375,43645.78125,42667.87109375,12202.5400390625,2303.853759765625,25215869,403.57489013671875,235.35000610351562,33.950000762939453,31.438999176025391,10.145798835457409
2026-05-26,43525.37109375,43708.890625,44097.62890625,43349.76953125,12876.91015625,2263.960205078125,22586387,411.35665893554688,234.94999694824219,34.299999237060547,31.448400497436523,14.282123232338929
2026-05-27,44256.80078125,43842.26171875,44818.25,43842.26171875,12702.1904296875,2293.88037109375,31986652,421.74234008789062,238.80000305175781,34.889999389648438,31.445899963378906,15.629983183487628
2026-05-28,43636.44140625,44240.80078125,44954.08984375,43236.359375,12829.1396484375,2288.8935546875,36889432,423.86734008789062,233.85000610351562,34.849998474121094,31.465900421142578,16.539866938469984
2026-05-29,44732.94140625,43815.48046875,44933.94921875,43815.48046875,12829.3798828125,2348.73388671875,86132863,417.47235107421875,241.19999694824219,35.090000152587891,31.423999786376953,11.708279470533567
2026-06-01,45337.91015625,44872.8203125,45931.1015625,44872.8203125,12965.650390625,2348.73388671875,35023445,434.61221313476562,244.75,35.900001525878906,31.412900924682617,16.253531053978044
2026-06-02,45557.30859375,45388.9296875,45915.921875,44869.37890625,13726.26953125,2373.66748046875,29610654,445.6463623046875,243.35000610351562,36.590000152587891,31.330499649047852,17.643463650007085
2026-06-03,46459.16015625,45660.4609375,46552.16015625,45660.4609375,13916.9599609375,2418.547607421875,22536554,435.66973876953125,248.5,38.610000610351562,31.478200912475586,13.407728889753168
2026-06-04,45677.4609375,46364.0703125,46364.0703125,45677.4609375,13617.5,2378.654052734375,25054494,443.88052368164062,243.94999694824219,38.880001068115234,31.505500793457031,17.58480116077412
2026-06-05,45070.94140625,45619.8203125,45619.8203125,44209.53125,12220.759765625,2358.707275390625,32795780,414.20001220703125,239.30000305175781,39.139999389648438,31.503000259399414,10.641479153790968
2026-06-08,43502.78125,44507.48828125,44507.48828125,42376.859375,12906.6904296875,2288.8935546875,44721632,425.80282592773438,230.89999389648438,38.150001525878906,31.588100433349609,17.526674865801773
2026-06-09,44704.44140625,43687.62109375,44821.7109375,43687.62109375,12657.8095703125,2298.866943359375,33252041,426.92022705078125,237.94999694824219,40.299999237060547,31.582000732421875,17.301220606535384
2026-06-10,43225.5390625,44581.44921875,44676.48828125,43225.5390625,12206.4599609375,2249,42608467,407.79501342773438,227.30000305175781,39.549999237060547,31.540899276733398,14.381693588957889
2026-06-11,43149.4609375,43172.2109375,43463.03125,42006.390625,13171.4404296875,2250,34790220,421.07000732421875,227.69999694824219,39.659999847412109,31.649799346923828,18.460277713949068
2026-06-12,44169.0390625,43587.62890625,44798.87890625,43587.62890625,13371.4697265625,2310,21560608,423.92999267578125,233.94999694824219,39.720001220703125,31.579000473022461,15.907233240146358
2026-06-15,45396.98828125,44447.87109375,45483.62890625,44447.87109375,14099.6201171875,2375,25573718,441.39999389648438,240.89999389648438,41,31.613000869750977,17.507186450169577
2026-06-16,45809.19140625,45500.078125,45809.19140625,45266.33984375,13294.2197265625,2400,29594351,425.82998657226562,241.80000305175781,41.979999542236328,31.518600463867188,11.846376769209744
2026-06-17,45877.390625,45685.26953125,45877.390625,45159.51171875,13477.0703125,2385,25510076,432.14999389648438,242,42.659999847412109,31.563899993896484,14.384395720852062
2026-06-18,46465.19921875,45972.26171875,46565.69921875,45972.26171875,14341.7802734375,2410,46429815,462.1199951171875,244.94999694824219,43.459999084472656,31.638399124145508,21.33391575739212
2026-06-22,47741.51171875,46679.5703125,47871.19140625,46679.5703125,14634.7197265625,2510,39272494,467.67001342773438,252.14999389648438,42.919998168945312,31.701999664306641,18.136052658902923
2026-06-23,47100.6484375,47795.08984375,48218.87109375,47100.6484375,13482.509765625,2490,34264856,436.3900146484375,250.69999694824219,43.119998931884766,31.687000274658203,11.067393686932814
2026-06-24,46043.6015625,46909.98046875,46909.98046875,45819.7109375,13458.2001953125,2390,55667954,440.82998657226562,243.14999389648438,42.159999847412109,31.70210075378418,16.947587025968968
2026-06-25,46255.26171875,46339.6796875,46785.44921875,46048.69921875,13940.8701171875,2390,34424468,434.989990234375,244.69999694824219,42.709999084472656,31.808000564575195,15.783781213050707
2026-06-26,44571.76171875,46188.6015625,46188.6015625,44454.21875,13203.5703125,2340,39547254,432.35000610351562,233.5,42.180000305175781,31.860000610351562,17.732234686696668
2026-06-29,44999.8984375,44594.80859375,45521.62890625,44594.80859375,13709.66015625,2370,33267315,455.10000610351562,236.85000610351562,41.799999237060547,31.847000122070312,22.30860717242922
2026-06-30,46125.91015625,45165.80078125,46637.859375,45165.80078125,14246.9599609375,2410,42933128,477.57000732421875,246.19999694824219,41.970001220703125,31.865900039672852,26.292100542235588
2026-07-01,47018.98828125,46234.69921875,47293.1015625,46234.69921875,13353.2802734375,2505,30489002,444.23001098632812,250,41.689998626708984,31.834400177001953,12.908550422137676
2026-07-02,46744.16015625,46833.890625,46910.30859375,45981.890625,12626.2197265625,2465,27485121,434.16000366210938,248.5,41.180000305175781,31.894800186157227,12.352507631839904
2026-07-03,46780.62109375,46545.140625,46948.828125,45880.69140625,12626.2197265625,2445,26489446,434.16000366210938,247.39999389648438,41.540000915527344,31.930900573730469,13.399753865237397
2026-07-06,46556.390625,46897.1796875,47395.30078125,46431.37890625,12900.1396484375,2460,19281603,451.79000854492188,246.55000305175781,42.090000152587891,31.927999496459961,17.274399718113067
2026-07-07,45479.109375,46537.33984375,46967.0390625,45432.01953125,12300.51953125,2440,27867172,432.57000732421875,237.64999389648438,42.369998931884766,32.054901123046875,13.655646012897504
2026-07-08,45734.41015625,45524.69140625,45837.12109375,45036.640625,12574.9697265625,2465,23373702,436.98001098632812,238.80000305175781,42.970001220703125,32.135898590087891,13.937081695351994
2026-07-09,45354.609375,45805.62109375,46064.05859375,45352.41015625,12960,2415,27134789,436.95999145507812,237,42.659999847412109,32.109199523925781,16.194083226534218
2026-07-13,45380.51953125,45500.3203125,46330.91015625,45272.8984375,12347.7802734375,2440,32938379,421.57998657226562,239.19999694824219,42.610000610351562,32.099098205566406,10.920798282660016
2026-07-14,44737.94921875,45364.3984375,45364.3984375,43654.0390625,12661.9296875,2420,35607811,420.3900146484375,232.89999389648438,41.919998168945312,32.161998748779297,11.740356405969887
2026-07-15,45631.58984375,44850.69140625,45881.91015625,44850.69140625,12398.8896484375,2440,28532735,419.48001098632812,239.85000610351562,42.369998931884766,32.133899688720703,10.487939298837112
2026-07-16,45624.98046875,45511.98046875,45855.01953125,44970.640625,11867.5,2470,27848158,409.739990234375,238,42.290000915527344,32.210899353027344,6.8671545453429905
2026-07-17,42671.26953125,45234.078125,45234.078125,42671.26953125,11673.8896484375,2290,75253147,398.3699951171875,221.75,41.819999694824219,32.264301300048828,12.254406562095355
2026-07-20,42449.69921875,42793.1484375,43084.51171875,41967.75,11743.849609375,2320,45272691,402.29998779296875,222.85000610351562,41.520000457763672,32.312999725341797,12.06482237120008
2026-07-21,44232.87109375,42566.9296875,44232.87109375,42566.9296875,12356.16015625,2410,29931277,424.6099853515625,230.75,42.049999237060547,32.275901794433594,13.731702806165291
2026-07-22,44825.78125,44513.75,45323.75,44513.75,12410.669921875,2400,28887275,421.20999145507812,233.75,42.759998321533203,32.325401306152344,13.464850066220002
2026-07-23,44850.80859375,44899.0390625,45089.8203125,44340.76171875,12343.83984375,2405,23190117,415.57998657226562,234.5,42.419998168945312,32.379100799560547,11.901091688178035
2026-07-24,43654.83984375,44769.390625,44769.390625,43607.3984375,11818.8798828125,2350,21646770,403.41000366210938,228.85000610351562,42.549999237060547,32.298999786376953,10.891401039189752
2026-07-27,43634.19140625,43585.921875,43686.1484375,42969.48046875,11554.8798828125,2350,24040916,399.08999633789062,227.14999389648438,43.290000915527344,32.322299957275391,9.7830346517552069
2026-07-28,41603.359375,43221.9296875,43221.9296875,41565,11035.6796875,2280,36576835,392.30999755859375,216.69999694824219,42.419998168945312,32.301998138427734,11.161375533546348
2026-07-29,40039.1796875,41491.48046875,41698.390625,39384.8515625,10447.490234375,2200,55449661,374.67001342773438,204.05000305175781,42.099998474121094,32.363800048828125,10.234049080608564
2026-07-30,39933.30078125,40048.94140625,41155.421875,39404.6484375,11302.990234375,2205,44446679,403.30999755859375,206.69999694824219,42.509998321533203,32.348899841308594,18.336822821055442
2026-07-31,43119.75,41610.41015625,43214.359375,41610.41015625,11311.080078125,2425,57145894,404.25,227.35000610351562,44.689998626708984,32.395000457763672,8.0055994643378536
2026-08-03,43386.41015625,42780.421875,43784.19140625,42780.421875,11430.349609375,2370,30005447,406.1099853515625,228.80000305175781,44.150001525878906,32.293098449707031,10.671305809004972
2026-08-04,43360.66015625,43092.48828125,43912.76953125,42895.80859375,12179.259765625,2320,35945450,417.17001342773438,226.80000305175781,43.919998168945312,32.395999908447266,16.505514800101963
2026-08-05,44611.6015625,43809.828125,44980.30859375,43809.828125,12008.8798828125,2405,31905196,414,234.94999694824219,44.409999847412109,32.395099639892578,11.530738053351563
2026-08-06,44396.69921875,44487.94140625,44601.23828125,44024.3203125,12048.6904296875,2365,22943128,418.20001220703125,234.55000305175781,43.619998931884766,32.264801025390625,14.106893722416846
2026-08-07,44225.91015625,44450.19140625,44827.12890625,43941.55859375,12356.7900390625,2370,21959343,420.04000854492188,231.75,43.900001525878906,32.206798553466797,14.161552232934781
2026-08-10,44928.760000000002,44540.709999999999,45219.400000000001,44540.709999999999,11993.8603515625,2380,18892633,418.47000122070312,237,44.049999237060547,32.235099792480469,13.356489491670498
2026-08-11,45120.720000000001,44883.900000000001,45195.410000000003,44652.059999999998,12098.4697265625,2395,15907911,422.05999755859375,237.44999694824219,43.779998779296875,32.227100372314453,13.584717365007037
2026-08-12,45518.07,45175.699999999997,45529.480000000003,45175.699999999997,12399.3798828125,2415,17709219,429.14999389648438,239.5,43.75,32.209098815917969,14.472335902794686
2026-08-13,46021.480000000003,45676.540000000001,46216.410000000003,45676.540000000001,12456,2435,21187598,430.489990234375,243.14999389648438,43.720001220703125,32.202301025390625,13.862572927678141
2026-08-14,45811.010000000002,46103.809999999998,46402.599999999999,45798.309999999998,12417.0498046875,2395,18950570,426.35000610351562,242.25,44.25,32.124099731445312,14.372527069491881
2026-08-17,45857.269999999997,45841.169999999998,46189.300000000003,45765.07,12621,2400,12531972,430.97000122070312,242.10000610351562,43.790000915527344,31.990200042724609,14.890137928863023
2026-08-18,45308.68,45922.400000000001,46064.089999999997,45225.419999999998,11992.4599609375,2380,17294892,413.41000366210938,239,43.959999084472656,31.850299835205078,10.649013205978264
2026-08-19,44719.349999999999,45071.339999999997,45071.339999999997,44308.709999999999,11738.23046875,2350,20098985,412.08999633789062,234.64999389648438,43.549999237060547,31.881900787353516,11.814573435791509
2026-08-20,44933.739999999998,44942.010000000002,45160.050000000003,44446.360000000001,11800.01953125,2375,15159960,416,236.44999694824219,43.119998931884766,31.815099716186523,11.453317742598678
2026-08-21,45224.290000000001,44923.339999999997,45254.839999999997,44583.870000000003,11740.3701171875,2410,15768427,418.95001220703125,238.94999694824219,44.169998168945312,31.838300704956055,10.694244555954114
2026-08-24,44762.32,45240.300000000003,45362.300000000003,44761.879999999997,11423.169921875,2375,10658045,410.1199951171875,239.94999694824219,43.639999389648438,31.822000503540039,9.9017995042608895
2026-08-25,45169.459999999999,44728.360000000001,45169.459999999999,44210.309999999998,11588.0400390625,2400,12843032,417.41000366210938,236.14999389648438,44.490001678466797,31.812000274658203,10.655392926200879
2026-08-26,45832.620000000003,45157.639999999999,45878.389999999999,44925.839999999997,11611.240234375,2415,17662672,417.69000244140625,241.14999389648438,44.520000457763672,31.841899871826172,10.145285591735709
2026-08-27,45975.220000000001,45890.18,46401.779999999999,45890.18,11882.169921875,2410,16247745,427.29998779296875,241.55000305175781,44.529998779296875,31.805900573730469,12.785567858086356
2026-08-28,46331.449999999997,46070.830000000002,46574.519999999997,46070.830000000002,11469.66015625,2420,13601211,417.51998901367188,241.55000305175781,44.529998779296875,31.660900115966797,9.2484187486067793
